"StandardCode","ValidityCategory","StartDate","LastNewStartDate","EndDate","Created_On","Created_By","Modified_On","Modified_By"
"1","Standard_Trailblazer","01 Aug 2014","","","09 Jul 2015","goodmand","09 Jul 2015","goodmand"
"2","Standard_Trailblazer","01 Aug 2014","","","09 Jul 2015","goodmand","09 Jul 2015","goodmand"
"3","Standard_Trailblazer","01 Aug 2014","31 Mar 2017","31 Mar 2017","09 Jul 2015","goodmand","07 Apr 2017","BYWATERA"
"4","Standard_Trailblazer","01 Aug 2014","31 Mar 2017","31 Mar 2017","09 Jul 2015","goodmand","07 Apr 2017","BYWATERA"
"5","Standard_Trailblazer","01 Aug 2015","","","16 Sep 2015","fisherk","16 Sep 2015","fisherk"
"6","Standard_Trailblazer","01 Aug 2014","","","09 Jul 2015","goodmand","09 Jul 2015","goodmand"
"7","Standard_Trailblazer","01 Aug 2014","01 Apr 2020","","09 Jul 2015","goodmand","09 Mar 2020","KTEMPERLEY"
"8","Standard_Trailblazer","01 Aug 2014","","","09 Jul 2015","goodmand","09 Jul 2015","goodmand"
"9","Standard_Trailblazer","01 Aug 2014","","","09 Jul 2015","goodmand","09 Jul 2015","goodmand"
"10","Standard_Trailblazer","01 Aug 2014","","","09 Jul 2015","goodmand","09 Jul 2015","goodmand"
"11","Standard_Trailblazer","01 Aug 2014","","","09 Jul 2015","goodmand","14 Sep 2016","goodmand"
"12","Standard_Trailblazer","01 Aug 2014","","","09 Jul 2015","goodmand","14 Sep 2016","goodmand"
"13","Standard_Trailblazer","01 Aug 2014","31 Mar 2017","31 Mar 2017","09 Jul 2015","goodmand","07 Apr 2017","BYWATERA"
"14","Standard_Trailblazer","01 Aug 2014","","","09 Jul 2015","GOODMAND","09 Jul 2015","GOODMAND"
"15","Standard_Trailblazer","01 Aug 2014","","","09 Jul 2015","GOODMAND","09 Jul 2015","GOODMAND"
"16","Standard_Trailblazer","01 Aug 2014","","","09 Jul 2015","GOODMAND","09 Jul 2015","GOODMAND"
"17","Standard_Trailblazer","26 Mar 2015","","","09 Jul 2015","goodmand","09 Jul 2015","goodmand"
"18","Standard_Trailblazer","26 Mar 2015","","","09 Jul 2015","goodmand","09 Jul 2015","goodmand"
"19","Standard_Trailblazer","26 Mar 2015","","","09 Jul 2015","goodmand","09 Jul 2015","goodmand"
"20","Standard_Trailblazer","26 Mar 2015","","","09 Jul 2015","goodmand","09 Jul 2015","goodmand"
"21","Standard_Trailblazer","26 Mar 2015","","","09 Jul 2015","goodmand","09 Jul 2015","goodmand"
"22","Standard_Trailblazer","26 Mar 2015","","","09 Jul 2015","goodmand","09 Jul 2015","goodmand"
"23","Standard_Trailblazer","26 Mar 2015","","","09 Jul 2015","goodmand","09 Jul 2015","goodmand"
"24","Standard_Trailblazer","26 Mar 2015","","","09 Jul 2015","goodmand","09 Jul 2015","goodmand"
"25","Standard_Trailblazer","26 Mar 2015","","","09 Jul 2015","goodmand","09 Jul 2015","goodmand"
"26","Standard_Trailblazer","01 Aug 2015","","","03 Sep 2015","fisherk","03 Sep 2015","fisherk"
"27","Standard_Trailblazer","01 Aug 2015","","","03 Sep 2015","fisherk","03 Sep 2015","fisherk"
"28","Standard_Trailblazer","01 Aug 2015","","","03 Sep 2015","fisherk","03 Sep 2015","fisherk"
"29","Standard_Trailblazer","01 Aug 2015","","","03 Sep 2015","fisherk","03 Sep 2015","fisherk"
"30","Standard_Trailblazer","01 Aug 2015","","","03 Sep 2015","fisherk","03 Sep 2015","fisherk"
"31","Standard_Trailblazer","01 Aug 2015","","","03 Sep 2015","fisherk","03 Sep 2015","fisherk"
"32","Standard_Trailblazer","01 Aug 2015","","","03 Sep 2015","fisherk","03 Sep 2015","fisherk"
"33","Standard_Trailblazer","01 Aug 2015","","","03 Sep 2015","fisherk","03 Sep 2015","fisherk"
"34","Standard_Trailblazer","01 Aug 2015","","","03 Sep 2015","fisherk","03 Sep 2015","fisherk"
"35","Standard_Trailblazer","01 Aug 2015","","","03 Sep 2015","fisherk","03 Sep 2015","fisherk"
"36","Standard_Trailblazer","01 Aug 2015","","","03 Sep 2015","fisherk","03 Sep 2015","fisherk"
"37","Standard_Trailblazer","01 Aug 2015","","","03 Sep 2015","fisherk","03 Sep 2015","fisherk"
"38","Standard_Trailblazer","01 Aug 2015","","","03 Sep 2015","fisherk","03 Sep 2015","fisherk"
"39","Standard_Trailblazer","01 Aug 2015","","","03 Sep 2015","fisherk","03 Sep 2015","fisherk"
"40","Standard_Trailblazer","01 Aug 2015","","","03 Sep 2015","fisherk","03 Sep 2015","fisherk"
"41","Standard_Trailblazer","01 Aug 2015","","","03 Sep 2015","fisherk","03 Sep 2015","fisherk"
"42","Standard_Trailblazer","01 Aug 2015","","","03 Sep 2015","fisherk","03 Sep 2015","fisherk"
"43","Standard_Trailblazer","01 Aug 2015","","","03 Sep 2015","fisherk","03 Sep 2015","fisherk"
"44","Standard_Trailblazer","01 Aug 2015","17 Nov 2018","","03 Sep 2015","fisherk","05 Nov 2018","FISHERK"
"45","Standard_Trailblazer","01 Aug 2015","","","03 Sep 2015","fisherk","03 Sep 2015","fisherk"
"46","Standard_Trailblazer","01 Aug 2015","","","03 Sep 2015","fisherk","03 Sep 2015","fisherk"
"47","Standard_Trailblazer","01 Aug 2015","","","03 Sep 2015","fisherk","03 Sep 2015","fisherk"
"48","Standard_Trailblazer","01 Aug 2015","","","16 Sep 2015","fisherk","16 Sep 2015","fisherk"
"49","Standard_Trailblazer","01 Aug 2015","","","16 Sep 2015","fisherk","16 Sep 2015","fisherk"
"50","Standard_Trailblazer","01 Aug 2015","","","16 Sep 2015","fisherk","16 Sep 2015","fisherk"
"51","Standard_Trailblazer","01 Aug 2015","","","16 Sep 2015","fisherk","16 Sep 2015","fisherk"
"52","Standard_Trailblazer","01 Aug 2015","30 Jun 2019","","16 Sep 2015","fisherk","16 Sep 2015","FISHERK"
"53","Standard_Trailblazer","01 Aug 2015","","","06 Oct 2015","fisherk","06 Oct 2015","fisherk"
"54","Standard_Trailblazer","01 Aug 2015","","","06 Oct 2015","fisherk","06 Oct 2015","fisherk"
"55","Standard_Trailblazer","01 Aug 2015","","","07 Oct 2015","fisherk","07 Oct 2015","fisherk"
"56","Standard_Trailblazer","01 Aug 2015","31 Mar 2017","31 Mar 2017","22 Oct 2015","fisherk","07 Apr 2017","BYWATERA"
"57","Standard_Trailblazer","01 Aug 2015","","","22 Oct 2015","fisherk","22 Oct 2015","fisherk"
"58","Standard_Trailblazer","01 Aug 2015","","","22 Oct 2015","fisherk","22 Oct 2015","fisherk"
"59","Standard_Trailblazer","01 Aug 2015","","","22 Oct 2015","fisherk","22 Oct 2015","fisherk"
"60","Standard_Trailblazer","01 Aug 2015","","","04 Nov 2015","fisherk","04 Nov 2015","fisherk"
"61","Standard_Trailblazer","01 Aug 2015","","","13 Nov 2015","fisherk","13 Nov 2015","fisherk"
"62","Standard_Trailblazer","01 Aug 2015","","","20 Nov 2015","fisherk","20 Nov 2015","fisherk"
"63","Standard_Trailblazer","01 Aug 2015","","","20 Nov 2015","fisherk","20 Nov 2015","fisherk"
"64","Standard_Trailblazer","01 Aug 2015","","","04 Dec 2015","fisherk","04 Dec 2015","fisherk"
"65","Standard_Trailblazer","01 Aug 2015","","","04 Dec 2015","fisherk","04 Dec 2015","fisherk"
"66","Standard_Trailblazer","01 Aug 2015","","","04 Dec 2015","fisherk","04 Dec 2015","fisherk"
"67","Standard_Trailblazer","01 Aug 2015","","","04 Dec 2015","fisherk","04 Dec 2015","fisherk"
"68","Standard_Trailblazer","01 Aug 2015","","","04 Dec 2015","fisherk","04 Dec 2015","fisherk"
"69","Standard_Trailblazer","01 Aug 2015","","","24 Dec 2015","fisherk","24 Dec 2015","fisherk"
"70","Standard_Trailblazer","01 Aug 2015","","","24 Dec 2015","fisherk","24 Dec 2015","fisherk"
"71","Standard_Trailblazer","01 Aug 2015","","","24 Dec 2015","fisherk","24 Dec 2015","fisherk"
"72","Standard_Trailblazer","01 Aug 2015","","","05 Feb 2016","fisherk","05 Feb 2016","fisherk"
"73","Standard_Trailblazer","01 Aug 2015","22 Dec 2017","22 Dec 2017","05 Feb 2016","fisherk","03 Sep 2019","ODONNELB"
"74","Standard_Trailblazer","01 Aug 2015","","","05 Feb 2016","fisherk","05 Feb 2016","fisherk"
"75","Standard_Trailblazer","01 Aug 2015","","","17 Feb 2016","fisherk","17 Feb 2016","fisherk"
"76","Standard_Trailblazer","01 Aug 2015","","","25 Feb 2016","fisherk","25 Feb 2016","fisherk"
"77","Standard_Trailblazer","01 Aug 2015","","","11 Mar 2016","fisherk","11 Mar 2016","fisherk"
"78","Standard_Trailblazer","01 Aug 2015","","","01 Apr 2016","fisherk","01 Apr 2016","fisherk"
"79","Standard_Trailblazer","01 Aug 2015","","","01 Apr 2016","fisherk","01 Apr 2016","fisherk"
"80","Standard_Trailblazer","01 Aug 2015","","","01 Apr 2016","fisherk","01 Apr 2016","fisherk"
"81","Standard_Trailblazer","01 Aug 2015","","","01 Apr 2016","fisherk","01 Apr 2016","fisherk"
"82","Standard_Trailblazer","01 Aug 2015","","","01 Apr 2016","fisherk","01 Apr 2016","fisherk"
"83","Standard_Trailblazer","01 Aug 2015","","","07 Apr 2016","fisherk","07 Apr 2016","fisherk"
"84","Standard_Trailblazer","01 Aug 2015","","","07 Apr 2016","fisherk","07 Apr 2016","fisherk"
"85","Standard_Trailblazer","01 Aug 2015","","","07 Apr 2016","fisherk","07 Apr 2016","fisherk"
"86","Standard_Trailblazer","01 Aug 2015","","","27 Apr 2016","fisherk","27 Apr 2016","fisherk"
"87","Standard_Trailblazer","01 Aug 2015","","","27 Apr 2016","fisherk","27 Apr 2016","fisherk"
"88","Standard_Trailblazer","01 Aug 2015","","","27 Apr 2016","fisherk","27 Apr 2016","fisherk"
"89","Standard_Trailblazer","01 Aug 2015","","","27 Apr 2016","fisherk","27 Apr 2016","fisherk"
"90","Standard_Trailblazer","01 Aug 2015","","","27 Apr 2016","fisherk","27 Apr 2016","fisherk"
"91","Standard_Trailblazer","01 Aug 2015","","","27 Apr 2016","fisherk","27 Apr 2016","fisherk"
"92","Standard_Trailblazer","01 Aug 2015","","","04 May 2016","fisherk","04 May 2016","fisherk"
"93","Standard_Trailblazer","01 Aug 2015","","","04 May 2016","fisherk","04 May 2016","fisherk"
"94","Standard_Trailblazer","01 Aug 2015","","","04 May 2016","fisherk","04 May 2016","fisherk"
"95","Standard_Trailblazer","01 Aug 2015","11 Nov 2019","","04 May 2016","fisherk","04 May 2016","FISHERK"
"96","Standard_Trailblazer","01 Aug 2015","","","04 May 2016","fisherk","04 May 2016","fisherk"
"97","Standard_Trailblazer","01 Aug 2015","31 Mar 2017","31 Mar 2017","16 May 2016","fisherk","07 Apr 2017","BYWATERA"
"98","Standard_Trailblazer","01 Aug 2015","","","16 May 2016","fisherk","16 May 2016","fisherk"
"99","Standard_Trailblazer","01 Aug 2015","","","16 May 2016","fisherk","16 May 2016","fisherk"
"100","Standard_Trailblazer","01 Aug 2015","","","16 May 2016","fisherk","16 May 2016","fisherk"
"101","Standard_Trailblazer","01 Aug 2015","","","20 May 2016","robinsonsar","20 May 2016","robinsonsar"
"102","Standard_Trailblazer","01 Aug 2015","","","20 May 2016","robinsonsar","20 May 2016","robinsonsar"
"103","Standard_Trailblazer","01 Aug 2015","","","20 May 2016","robinsonsar","20 May 2016","robinsonsar"
"104","Standard_Trailblazer","01 Aug 2015","","","02 Jun 2016","fisherk","02 Jun 2016","fisherk"
"105","Standard_Trailblazer","01 Aug 2015","","","02 Jun 2016","fisherk","02 Jun 2016","fisherk"
"106","Standard_Trailblazer","01 Aug 2015","","","02 Jun 2016","fisherk","02 Jun 2016","fisherk"
"107","Standard_Trailblazer","01 Aug 2015","","","10 Jun 2016","robinsonsar","10 Jun 2016","robinsonsar"
"108","Standard_Trailblazer","01 Aug 2015","","","10 Jun 2016","robinsonsar","10 Jun 2016","robinsonsar"
"109","Standard_Trailblazer","01 Aug 2015","","","12 Jul 2016","fisherk","12 Jul 2016","fisherk"
"110","Standard_Trailblazer","01 Aug 2015","","","12 Jul 2016","fisherk","12 Jul 2016","fisherk"
"111","Standard_Trailblazer","01 Aug 2015","","","12 Jul 2016","fisherk","12 Jul 2016","fisherk"
"112","Standard_Trailblazer","01 Aug 2015","","","12 Jul 2016","fisherk","12 Jul 2016","fisherk"
"113","Standard_Trailblazer","01 Aug 2015","31 Mar 2017","31 Mar 2017","30 Jun 2016","robinsonsar","07 Apr 2017","BYWATERA"
"114","Standard_Trailblazer","01 Aug 2015","","","30 Jun 2016","robinsonsar","30 Jun 2016","robinsonsar"
"115","Standard_Trailblazer","01 Aug 2015","31 Mar 2017","31 Mar 2017","30 Jun 2016","robinsonsar","07 Apr 2017","BYWATERA"
"116","Standard_Trailblazer","01 Aug 2015","","","07 Jul 2016","guinivas","07 Jul 2016","guinivas"
"117","Standard_Trailblazer","01 Aug 2015","","","22 Jul 2016","robinsonsar","22 Jul 2016","robinsonsar"
"118","Standard_Trailblazer","01 Aug 2015","","","22 Jul 2016","robinsonsar","22 Jul 2016","robinsonsar"
"119","Standard_Trailblazer","01 Aug 2015","","","22 Jul 2016","robinsonsar","22 Jul 2016","robinsonsar"
"120","Standard_Trailblazer","01 Aug 2015","","","22 Jul 2016","robinsonsar","22 Jul 2016","robinsonsar"
"121","Standard_Trailblazer","01 Aug 2015","21 May 2019","","01 Aug 2016","robinsonsar","21 May 2019","KFISHER"
"122","Standard_Trailblazer","01 Aug 2015","","","01 Aug 2016","robinsonsar","01 Aug 2016","robinsonsar"
"123","Standard_Trailblazer","01 Aug 2016","","","15 Aug 2016","robinsonsar","15 Aug 2016","robinsonsar"
"124","Standard_Trailblazer","01 Aug 2016","","","15 Aug 2016","robinsonsar","15 Aug 2016","robinsonsar"
"125","Standard_Trailblazer","01 Aug 2016","","","15 Aug 2016","robinsonsar","15 Aug 2016","robinsonsar"
"126","Standard_Trailblazer","01 Aug 2016","","","15 Aug 2016","robinsonsar","15 Aug 2016","robinsonsar"
"127","Standard_Trailblazer","01 Aug 2016","","","19 Aug 2016","robinsonsar","19 Sep 2016","robinsonsar"
"128","Standard_Trailblazer","01 Aug 2016","","","19 Aug 2016","robinsonsar","19 Aug 2016","robinsonsar"
"129","Standard_Trailblazer","01 Aug 2016","","","26 Aug 2016","fisherk","26 Aug 2016","fisherk"
"130","Standard_Trailblazer","01 Aug 2016","","","26 Aug 2016","fisherk","26 Aug 2016","fisherk"
"131","Standard_Trailblazer","01 Aug 2016","","","26 Aug 2016","fisherk","26 Aug 2016","fisherk"
"132","Standard_Trailblazer","01 Aug 2016","","","26 Aug 2016","fisherk","26 Aug 2016","fisherk"
"133","Standard_Trailblazer","01 Aug 2016","","","13 Sep 2016","robinsonsar","13 Sep 2016","robinsonsar"
"134","Standard_Trailblazer","01 Aug 2016","","","13 Sep 2016","robinsonsar","13 Sep 2016","robinsonsar"
"135","Standard_Trailblazer","01 Aug 2016","","","13 Sep 2016","robinsonsar","13 Sep 2016","robinsonsar"
"136","Standard_Trailblazer","01 Aug 2016","","","13 Sep 2016","robinsonsar","13 Sep 2016","robinsonsar"
"137","Standard_Trailblazer","01 Aug 2016","","","13 Sep 2016","robinsonsar","13 Sep 2016","robinsonsar"
"138","Standard_Trailblazer","01 Aug 2016","","","13 Sep 2016","robinsonsar","13 Sep 2016","robinsonsar"
"139","Standard_Trailblazer","01 Aug 2016","","","13 Sep 2016","robinsonsar","13 Sep 2016","robinsonsar"
"140","Standard_Trailblazer","01 Aug 2016","","","13 Sep 2016","robinsonsar","13 Sep 2016","robinsonsar"
"141","Standard_Trailblazer","01 Aug 2016","","","19 Sep 2016","robinsonsar","19 Sep 2016","robinsonsar"
"142","Standard_Trailblazer","01 Aug 2016","","","19 Sep 2016","robinsonsar","19 Sep 2016","robinsonsar"
"143","Standard_Trailblazer","01 Aug 2016","","","19 Sep 2016","robinsonsar","19 Sep 2016","robinsonsar"
"144","Standard_Trailblazer","01 Aug 2016","","","19 Sep 2016","robinsonsar","19 Sep 2016","robinsonsar"
"145","Standard_Trailblazer","01 Aug 2016","","","19 Sep 2016","robinsonsar","19 Sep 2016","robinsonsar"
"146","Standard_Trailblazer","01 Aug 2016","","","02 Nov 2016","robinsonsar","02 Nov 2016","robinsonsar"
"147","Standard_Trailblazer","01 Aug 2016","","","24 Oct 2016","fisherk","24 Oct 2016","fisherk"
"148","Standard_Trailblazer","01 Aug 2016","","","02 Nov 2016","robinsonsar","02 Nov 2016","robinsonsar"
"149","Standard_Trailblazer","01 Aug 2016","","","02 Nov 2016","robinsonsar","02 Nov 2016","robinsonsar"
"150","Standard_Trailblazer","01 Aug 2016","","","02 Nov 2016","robinsonsar","02 Nov 2016","robinsonsar"
"151","Standard_Trailblazer","01 Aug 2016","","","02 Nov 2016","robinsonsar","02 Nov 2016","robinsonsar"
"152","Standard_Trailblazer","01 Aug 2016","","","05 Nov 2016","robinsonsar","05 Nov 2016","robinsonsar"
"153","Standard_Trailblazer","01 Nov 2016","","","06 Dec 2016","robinsonsar","06 Dec 2016","robinsonsar"
"154","Standard_Trailblazer","01 Nov 2016","","","14 Dec 2016","robinsonsar","14 Dec 2016","robinsonsar"
"155","Standard_Trailblazer","01 Nov 2016","","","14 Dec 2016","robinsonsar","14 Dec 2016","robinsonsar"
"156","Standard_Trailblazer","01 Aug 2016","","","21 Dec 2016","guinivas","21 Dec 2016","guinivas"
"157","Standard_Trailblazer","01 Nov 2016","","","21 Dec 2016","fisherk","21 Dec 2016","fisherk"
"158","Standard_Trailblazer","01 Nov 2016","","","21 Dec 2016","fisherk","21 Dec 2016","fisherk"
"159","Standard_Trailblazer","01 Jan 2017","","","18 Jan 2017","robinsonsar","18 Jan 2017","robinsonsar"
"160","Standard_Trailblazer","01 Feb 2017","","","13 Feb 2017","robinsonsar","13 Feb 2017","robinsonsar"
"161","Standard_Trailblazer","01 Feb 2017","","","15 Feb 2017","robinsonsar","15 Feb 2017","robinsonsar"
"162","Standard_Trailblazer","01 Feb 2017","","","24 Feb 2017","robinsonsar","24 Feb 2017","robinsonsar"
"163","Standard_Trailblazer","01 Mar 2017","","","07 Apr 2017","robinsonsar","07 Apr 2017","robinsonsar"
"164","Standard_Trailblazer","01 Mar 2017","","","07 Apr 2017","robinsonsar","07 Apr 2017","robinsonsar"
"165","Standard_Trailblazer","01 Apr 2017","","","07 Apr 2017","robinsonsar","07 Apr 2017","robinsonsar"
"166","Standard_Trailblazer","01 Apr 2017","","","07 Apr 2017","robinsonsar","07 Apr 2017","robinsonsar"
"167","Standard_Trailblazer","01 Aug 2014","","","07 Apr 2017","robinsonsar","14 Apr 2017","vijaydek"
"168","Standard_Trailblazer","01 Apr 2017","","","07 Apr 2017","robinsonsar","07 Apr 2017","robinsonsar"
"169","Standard_Trailblazer","01 Apr 2017","","","07 Apr 2017","robinsonsar","07 Apr 2017","robinsonsar"
"170","Standard_Trailblazer","01 May 2017","","","18 May 2017","robinsonsar","18 May 2017","robinsonsar"
"171","Standard_Trailblazer","01 May 2017","","","18 May 2017","robinsonsar","18 May 2017","robinsonsar"
"172","Standard_Trailblazer","01 May 2017","","","18 May 2017","robinsonsar","18 May 2017","robinsonsar"
"173","Standard_Trailblazer","01 May 2017","","","06 Jun 2017","robinsonsar","06 Jun 2017","robinsonsar"
"174","Standard_Trailblazer","01 May 2017","","","06 Jun 2017","robinsonsar","06 Jun 2017","robinsonsar"
"175","Standard_Trailblazer","01 May 2017","","","06 Jun 2017","robinsonsar","06 Jun 2017","robinsonsar"
"176","Standard_Trailblazer","01 May 2017","","","06 Jun 2017","robinsonsar","06 Jun 2017","robinsonsar"
"177","Standard_Trailblazer","01 Jun 2017","","","12 Jun 2017","robinsonsar","12 Jun 2017","robinsonsar"
"178","Standard_Trailblazer","01 Jun 2017","","","12 Jun 2017","robinsonsar","12 Jun 2017","robinsonsar"
"179","Standard_Trailblazer","01 Jun 2017","","","12 Jun 2017","robinsonsar","12 Jun 2017","robinsonsar"
"180","Standard_Trailblazer","01 Jun 2017","","","28 Jun 2017","guinivas","28 Jun 2017","guinivas"
"181","Standard_Trailblazer","01 Jun 2017","","","28 Jun 2017","guinivas","28 Jun 2017","guinivas"
"182","Standard_Trailblazer","01 Jun 2017","","","28 Jun 2017","guinivas","28 Jun 2017","guinivas"
"183","Standard_Trailblazer","01 Jun 2017","","","28 Jun 2017","guinivas","28 Jun 2017","guinivas"
"184","Standard_Trailblazer","01 Jun 2017","","","28 Jun 2017","guinivas","28 Jun 2017","guinivas"
"185","Standard_Trailblazer","01 Aug 2017","","","18 Aug 2017","fisherk","18 Aug 2017","fisherk"
"186","Standard_Trailblazer","01 Aug 2017","","","18 Aug 2017","fisherk","18 Aug 2017","fisherk"
"187","Standard_Trailblazer","01 Aug 2017","","","18 Aug 2017","fisherk","18 Aug 2017","fisherk"
"188","Standard_Trailblazer","01 Aug 2017","","","18 Aug 2017","fisherk","18 Aug 2017","fisherk"
"189","Standard_Trailblazer","01 Aug 2017","","","18 Aug 2017","fisherk","18 Aug 2017","fisherk"
"190","Standard_Trailblazer","01 Aug 2017","","","18 Aug 2017","fisherk","18 Aug 2017","fisherk"
"191","Standard_Trailblazer","01 Aug 2017","","","01 Sep 2017","fisherk","01 Sep 2017","fisherk"
"192","Standard_Trailblazer","12 Sep 2017","","","13 Sep 2017","fisherk","13 Sep 2017","fisherk"
"193","Standard_Trailblazer","12 Sep 2017","","","13 Sep 2017","fisherk","13 Sep 2017","fisherk"
"194","Standard_Trailblazer","12 Sep 2017","","","14 Sep 2017","fisherk","14 Sep 2017","fisherk"
"195","Standard_Trailblazer","18 Sep 2017","","","20 Sep 2017","FISHERK","20 Sep 2017","FISHERK"
"196","Standard_Trailblazer","18 Sep 2017","","","20 Sep 2017","FISHERK","20 Sep 2017","FISHERK"
"197","Standard_Trailblazer","26 Sep 2017","","","29 Sep 2017","FISHERK","29 Sep 2017","FISHERK"
"198","Standard_Trailblazer","04 Oct 2017","","","19 Oct 2017","FISHERK","19 Oct 2017","FISHERK"
"199","Standard_Trailblazer","04 Oct 2017","","","19 Oct 2017","FISHERK","19 Oct 2017","FISHERK"
"200","Standard_Trailblazer","04 Oct 2017","","","19 Oct 2017","FISHERK","19 Oct 2017","FISHERK"
"201","Standard_Trailblazer","16 Oct 2017","","","19 Oct 2017","FISHERK","19 Oct 2017","FISHERK"
"202","Standard_Trailblazer","16 Oct 2017","","","19 Oct 2017","FISHERK","19 Oct 2017","FISHERK"
"203","Standard_Trailblazer","19 Oct 2017","","","30 Oct 2017","FISHERK","30 Oct 2017","FISHERK"
"204","Standard_Trailblazer","07 Nov 2017","","","08 Nov 2017","FISHERK","08 Nov 2017","FISHERK"
"205","Standard_Trailblazer","07 Nov 2017","","","08 Nov 2017","FISHERK","08 Nov 2017","FISHERK"
"206","Standard_Trailblazer","14 Nov 2017","","","15 Nov 2017","FISHERK","15 Nov 2017","FISHERK"
"207","Standard_Trailblazer","20 Nov 2017","","","22 Nov 2017","FISHERK","22 Nov 2017","FISHERK"
"208","Standard_Trailblazer","20 Nov 2017","27 Jul 2019","","22 Nov 2017","FISHERK","22 Nov 2017","FISHERK"
"209","Standard_Trailblazer","24 Nov 2017","","","28 Nov 2017","FISHERK","28 Nov 2017","FISHERK"
"210","Standard_Trailblazer","04 Dec 2017","","","05 Dec 2017","FISHERK","05 Dec 2017","FISHERK"
"211","Standard_Trailblazer","06 Dec 2017","","","07 Dec 2017","FISHERK","07 Dec 2017","FISHERK"
"212","Standard_Trailblazer","06 Dec 2017","","","07 Dec 2017","FISHERK","07 Dec 2017","FISHERK"
"213","Standard_Trailblazer","06 Dec 2017","","","07 Dec 2017","FISHERK","07 Dec 2017","FISHERK"
"214","Standard_Trailblazer","20 Dec 2017","","","21 Dec 2017","FISHERK","21 Dec 2017","FISHERK"
"215","Standard_Trailblazer","15 Dec 2017","","","21 Dec 2017","FISHERK","21 Dec 2017","FISHERK"
"216","Standard_Trailblazer","20 Dec 2017","","","21 Dec 2017","FISHERK","21 Dec 2017","FISHERK"
"217","Standard_Trailblazer","20 Dec 2017","","","21 Dec 2017","FISHERK","21 Dec 2017","FISHERK"
"218","Standard_Trailblazer","20 Dec 2017","","","21 Dec 2017","FISHERK","21 Dec 2017","FISHERK"
"219","Standard_Trailblazer","01 Dec 2017","","","21 Dec 2017","FISHERK","21 Dec 2017","FISHERK"
"220","Standard_Trailblazer","27 Dec 2017","","","02 Jan 2018","FISHERK","02 Jan 2018","FISHERK"
"221","Standard_Trailblazer","03 Jan 2018","","","05 Jan 2018","FISHERK","05 Jan 2018","FISHERK"
"222","Standard_Trailblazer","22 Dec 2017","","","05 Jan 2018","FISHERK","05 Jan 2018","FISHERK"
"223","Standard_Trailblazer","10 Jan 2018","","","11 Jan 2018","FISHERK","11 Jan 2018","FISHERK"
"224","Standard_Trailblazer","16 Jan 2018","","","19 Jan 2018","KFISHER","19 Jan 2018","KFISHER"
"225","Standard_Trailblazer","19 Jan 2018","","","19 Jan 2018","KFISHER","19 Jan 2018","KFISHER"
"226","Standard_Trailblazer","19 Jan 2018","","","19 Jan 2018","KFISHER","19 Jan 2018","KFISHER"
"227","Standard_Trailblazer","22 Jan 2018","","","23 Jan 2018","KFISHER","23 Jan 2018","KFISHER"
"228","Standard_Trailblazer","26 Jan 2018","","","30 Jan 2018","KFISHER","30 Jan 2018","KFISHER"
"229","Standard_Trailblazer","26 Jan 2018","","","30 Jan 2018","KFISHER","30 Jan 2018","KFISHER"
"230","Standard_Trailblazer","26 Jan 2018","","","30 Jan 2018","KFISHER","30 Jan 2018","KFISHER"
"231","Standard_Trailblazer","02 Feb 2018","","","07 Feb 2018","KFISHER","07 Feb 2018","KFISHER"
"232","Standard_Trailblazer","05 Feb 2018","","","07 Feb 2018","KFISHER","07 Feb 2018","KFISHER"
"233","Standard_Trailblazer","09 Feb 2018","","","12 Feb 2018","KFISHER","12 Feb 2018","KFISHER"
"234","Standard_Trailblazer","21 Feb 2018","","","22 Feb 2018","KFISHER","22 Feb 2018","KFISHER"
"235","Standard_Trailblazer","19 Feb 2018","","","22 Feb 2018","KFISHER","22 Feb 2018","KFISHER"
"236","Standard_Trailblazer","27 Feb 2018","","","02 Mar 2018","KFISHER","02 Mar 2018","KFISHER"
"237","Standard_Trailblazer","27 Feb 2018","","","02 Mar 2018","KFISHER","02 Mar 2018","KFISHER"
"238","Standard_Trailblazer","27 Feb 2018","","","02 Mar 2018","KFISHER","02 Mar 2018","KFISHER"
"239","Standard_Trailblazer","27 Feb 2018","","","02 Mar 2018","KFISHER","02 Mar 2018","KFISHER"
"240","Standard_Trailblazer","27 Feb 2018","","","02 Mar 2018","KFISHER","02 Mar 2018","KFISHER"
"241","Standard_Trailblazer","27 Feb 2018","","","02 Mar 2018","KFISHER","02 Mar 2018","KFISHER"
"242","Standard_Trailblazer","27 Feb 2018","","","02 Mar 2018","KFISHER","02 Mar 2018","KFISHER"
"243","Standard_Trailblazer","27 Feb 2018","","","02 Mar 2018","KFISHER","02 Mar 2018","KFISHER"
"244","Standard_Trailblazer","27 Feb 2018","","","02 Mar 2018","KFISHER","02 Mar 2018","KFISHER"
"245","Standard_Trailblazer","27 Feb 2018","","","02 Mar 2018","KFISHER","02 Mar 2018","KFISHER"
"246","Standard_Trailblazer","27 Feb 2018","","","02 Mar 2018","KFISHER","02 Mar 2018","KFISHER"
"247","Standard_Trailblazer","27 Feb 2018","","","02 Mar 2018","KFISHER","02 Mar 2018","KFISHER"
"248","Standard_Trailblazer","27 Feb 2018","","","02 Mar 2018","KFISHER","02 Mar 2018","KFISHER"
"249","Standard_Trailblazer","27 Feb 2018","","","02 Mar 2018","KFISHER","02 Mar 2018","KFISHER"
"250","Standard_Trailblazer","27 Feb 2018","","","02 Mar 2018","KFISHER","02 Mar 2018","KFISHER"
"251","Standard_Trailblazer","09 Mar 2018","","","12 Mar 2018","KFISHER","12 Mar 2018","KFISHER"
"252","Standard_Trailblazer","27 Mar 2018","","","03 Apr 2018","KFISHER","03 Apr 2018","KFISHER"
"253","Standard_Trailblazer","27 Mar 2018","","","03 Apr 2018","KFISHER","03 Apr 2018","KFISHER"
"254","Standard_Trailblazer","27 Mar 2018","","","03 Apr 2018","KFISHER","03 Apr 2018","KFISHER"
"255","Standard_Trailblazer","27 Mar 2018","","","03 Apr 2018","KFISHER","03 Apr 2018","KFISHER"
"256","Standard_Trailblazer","27 Mar 2018","","","03 Apr 2018","KFISHER","03 Apr 2018","KFISHER"
"257","Standard_Trailblazer","27 Mar 2018","","","03 Apr 2018","KFISHER","03 Apr 2018","KFISHER"
"258","Standard_Trailblazer","27 Mar 2018","","","03 Apr 2018","KFISHER","03 Apr 2018","KFISHER"
"259","Standard_Trailblazer","27 Mar 2018","","","03 Apr 2018","KFISHER","03 Apr 2018","KFISHER"
"260","Standard_Trailblazer","29 Mar 2018","","","03 Apr 2018","KFISHER","03 Apr 2018","KFISHER"
"261","Standard_Trailblazer","10 Apr 2018","","","13 Apr 2018","KFISHER","13 Apr 2018","KFISHER"
"262","Standard_Trailblazer","12 Apr 2018","","","13 Apr 2018","KFISHER","13 Apr 2018","KFISHER"
"263","Standard_Trailblazer","13 Apr 2018","","","16 Apr 2018","KFISHER","16 Apr 2018","KFISHER"
"264","Standard_Trailblazer","20 Apr 2018","","","23 Apr 2018","KFISHER","23 Apr 2018","KFISHER"
"265","Standard_Trailblazer","25 May 2018","","","02 May 2018","KFISHER","02 May 2018","KFISHER"
"266","Standard_Trailblazer","03 May 2018","","","08 May 2018","KFISHER","08 May 2018","KFISHER"
"267","Standard_Trailblazer","03 May 2018","","","08 May 2018","KFISHER","08 May 2018","KFISHER"
"268","Standard_Trailblazer","08 May 2018","","","08 May 2018","KFISHER","08 May 2018","KFISHER"
"269","Standard_Trailblazer","08 May 2018","","","11 May 2018","KFISHER","11 May 2018","KFISHER"
"270","Standard_Trailblazer","08 May 2018","","","11 May 2018","KFISHER","11 May 2018","KFISHER"
"271","Standard_Trailblazer","08 May 2018","","","11 May 2018","KFISHER","11 May 2018","KFISHER"
"272","Standard_Trailblazer","08 May 2018","","","11 May 2018","KFISHER","11 May 2018","KFISHER"
"273","Standard_Trailblazer","08 May 2018","","","11 May 2018","KFISHER","11 May 2018","KFISHER"
"274","Standard_Trailblazer","08 May 2018","","","11 May 2018","KFISHER","11 May 2018","KFISHER"
"275","Standard_Trailblazer","08 May 2018","","","11 May 2018","KFISHER","11 May 2018","KFISHER"
"276","Standard_Trailblazer","08 May 2018","","","11 May 2018","KFISHER","11 May 2018","KFISHER"
"277","Standard_Trailblazer","09 May 2018","","","11 May 2018","KFISHER","11 May 2018","KFISHER"
"278","Standard_Trailblazer","10 May 2018","","","11 May 2018","KFISHER","11 May 2018","KFISHER"
"279","Standard_Trailblazer","10 May 2018","","","11 May 2018","KFISHER","11 May 2018","KFISHER"
"280","Standard_Trailblazer","09 May 2018","","","11 May 2018","KFISHER","11 May 2018","KFISHER"
"281","Standard_Trailblazer","14 May 2018","","","16 May 2018","KFISHER","16 May 2018","KFISHER"
"282","Standard_Trailblazer","17 May 2018","","","18 May 2018","KFISHER","18 May 2018","KFISHER"
"283","Standard_Trailblazer","24 May 2018","","","25 May 2018","KFISHER","25 May 2018","KFISHER"
"284","Standard_Trailblazer","06 Jun 2018","","","12 Jun 2018","KTEMPERLEY","12 Jun 2018","KTEMPERLEY"
"285","Standard_Trailblazer","13 Jun 2018","","","14 Jun 2018","KTEMPERLEY","14 Jun 2018","KTEMPERLEY"
"286","Standard_Trailblazer","13 Jun 2018","","","14 Jun 2018","KTEMPERLEY","14 Jun 2018","KTEMPERLEY"
"287","Standard_Trailblazer","22 Jun 2018","","","28 Jun 2018","KFISHER","28 Jun 2018","KFISHER"
"288","Standard_Trailblazer","22 Jun 2018","18 Dec 2019","","28 Jun 2018","KFISHER","28 Jun 2018","KFISHER"
"289","Standard_Trailblazer","21 Jun 2018","","","28 Jun 2018","KFISHER","28 Jun 2018","KFISHER"
"290","Standard_Trailblazer","22 Jun 2018","","","28 Jun 2018","KFISHER","28 Jun 2018","KFISHER"
"291","Standard_Trailblazer","22 Jun 2018","","","28 Jun 2018","KFISHER","28 Jun 2018","KFISHER"
"292","Standard_Trailblazer","22 Jun 2018","","","28 Jun 2018","KFISHER","28 Jun 2018","KFISHER"
"293","Standard_Trailblazer","22 Jun 2018","","","28 Jun 2018","KFISHER","28 Jun 2018","KFISHER"
"294","Standard_Trailblazer","22 Jun 2018","","","28 Jun 2018","KFISHER","28 Jun 2018","KFISHER"
"295","Standard_Trailblazer","22 Jun 2018","","","28 Jun 2018","KFISHER","28 Jun 2018","KFISHER"
"296","Standard_Trailblazer","22 Jun 2018","","","28 Jun 2018","KFISHER","28 Jun 2018","KFISHER"
"297","Standard_Trailblazer","26 Jun 2018","","","02 Jul 2018","KFISHER","02 Jul 2018","KFISHER"
"298","Standard_Trailblazer","26 Jun 2018","","","02 Jul 2018","KFISHER","02 Jul 2018","KFISHER"
"299","Standard_Trailblazer","27 Jun 2018","","","02 Jul 2018","KFISHER","02 Jul 2018","KFISHER"
"300","Standard_Trailblazer","27 Jun 2018","","","02 Jul 2018","KFISHER","02 Jul 2018","KFISHER"
"301","Standard_Trailblazer","27 Jun 2018","","","02 Jul 2018","KFISHER","02 Jul 2018","KFISHER"
"302","Standard_Trailblazer","27 Jun 2018","","","02 Jul 2018","KFISHER","02 Jul 2018","KFISHER"
"303","Standard_Trailblazer","29 Jun 2018","","","02 Jul 2018","KFISHER","02 Jul 2018","KFISHER"
"304","Standard_Trailblazer","28 Jun 2018","","","02 Jul 2018","KFISHER","02 Jul 2018","KFISHER"
"305","Standard_Trailblazer","28 Jun 2018","","","02 Jul 2018","KFISHER","02 Jul 2018","KFISHER"
"306","Standard_Trailblazer","28 Jun 2018","","","02 Jul 2018","KFISHER","02 Jul 2018","KFISHER"
"307","Standard_Trailblazer","28 Jun 2018","","","02 Jul 2018","KFISHER","02 Jul 2018","KFISHER"
"308","Standard_Trailblazer","29 Jun 2018","","","02 Jul 2018","KFISHER","02 Jul 2018","KFISHER"
"309","Standard_Trailblazer","29 Jun 2018","","","02 Jul 2018","KFISHER","02 Jul 2018","KFISHER"
"310","Standard_Trailblazer","11 Jul 2018","","","13 Jul 2018","KFISHER","13 Jul 2018","KFISHER"
"311","Standard_Trailblazer","26 Jun 2018","","","13 Jul 2018","KFISHER","13 Jul 2018","KFISHER"
"312","Standard_Trailblazer","22 Jun 2018","","","13 Jul 2018","KFISHER","13 Jul 2018","KFISHER"
"313","Standard_Trailblazer","13 Jul 2018","","","13 Jul 2018","KFISHER","13 Jul 2018","KFISHER"
"314","Standard_Trailblazer","19 Jul 2018","","","20 Jul 2018","KFISHER","20 Jul 2018","KFISHER"
"315","STANDARD_TRAILBLAZER","31 Jul 2018","","","31 Jul 2018","KFISHER","31 Jul 2018","KFISHER"
"316","Standard_Trailblazer","07 Aug 2018","","","09 Aug 2018","KTEMPERLEY","09 Aug 2018","KTEMPERLEY"
"317","Standard_Trailblazer","07 Aug 2018","","","09 Aug 2018","KTEMPERLEY","09 Aug 2018","KTEMPERLEY"
"318","Standard_Trailblazer","08 Aug 2018","","","09 Aug 2018","KTEMPERLEY","09 Aug 2018","KTEMPERLEY"
"319","Standard_Trailblazer","07 Aug 2018","","","09 Aug 2018","KTEMPERLEY","09 Aug 2018","KTEMPERLEY"
"320","Standard_Trailblazer","07 Aug 2018","","","09 Aug 2018","KTEMPERLEY","09 Aug 2018","KTEMPERLEY"
"321","Standard_Trailblazer","08 Aug 2018","","","09 Aug 2018","KTEMPERLEY","09 Aug 2018","KTEMPERLEY"
"322","Standard_Trailblazer","07 Aug 2018","","","09 Aug 2018","KTEMPERLEY","09 Aug 2018","KTEMPERLEY"
"323","Standard_Trailblazer","08 Aug 2018","","","09 Aug 2018","KTEMPERLEY","09 Aug 2018","KTEMPERLEY"
"324","Standard_Trailblazer","08 Aug 2018","","","09 Aug 2018","KTEMPERLEY","09 Aug 2018","KTEMPERLEY"
"325","Standard_Trailblazer","08 Aug 2018","","","09 Aug 2018","KTEMPERLEY","09 Aug 2018","KTEMPERLEY"
"326","Standard_Trailblazer","08 Aug 2018","","","09 Aug 2018","KTEMPERLEY","09 Aug 2018","KTEMPERLEY"
"327","Standard_Trailblazer","07 Aug 2018","","","09 Aug 2018","KTEMPERLEY","09 Aug 2018","KTEMPERLEY"
"328","Standard_Trailblazer","08 Aug 2018","","","09 Aug 2018","KTEMPERLEY","09 Aug 2018","KTEMPERLEY"
"329","Standard_Trailblazer","08 Aug 2018","","","09 Aug 2018","KTEMPERLEY","09 Aug 2018","KTEMPERLEY"
"330","Standard_Trailblazer","08 Aug 2018","","","09 Aug 2018","KTEMPERLEY","09 Aug 2018","KTEMPERLEY"
"331","Standard_Trailblazer","08 Aug 2018","","","09 Aug 2018","KTEMPERLEY","09 Aug 2018","KTEMPERLEY"
"332","Standard_Trailblazer","08 Aug 2018","","","09 Aug 2018","KTEMPERLEY","09 Aug 2018","KTEMPERLEY"
"333","Standard_Trailblazer","08 Aug 2018","","","09 Aug 2018","KTEMPERLEY","09 Aug 2018","KTEMPERLEY"
"334","Standard_Trailblazer","08 Aug 2018","","","09 Aug 2018","KTEMPERLEY","09 Aug 2018","KTEMPERLEY"
"335","Standard_Trailblazer","07 Aug 2018","","","09 Aug 2018","KTEMPERLEY","09 Aug 2018","KTEMPERLEY"
"336","Standard_Trailblazer","10 Aug 2018","","","16 Aug 2018","KTEMPERLEY","16 Aug 2018","KTEMPERLEY"
"337","Standard_Trailblazer","17 Aug 2018","","","20 Aug 2018","KTEMPERLEY","20 Aug 2018","KTEMPERLEY"
"338","Standard_Trailblazer","17 Aug 2018","","","20 Aug 2018","KTEMPERLEY","20 Aug 2018","KTEMPERLEY"
"339","Standard_Trailblazer","22 Aug 2018","","","28 Aug 2018","KTEMPERLEY","28 Aug 2018","KTEMPERLEY"
"340","Standard_Trailblazer","22 Aug 2018","","","28 Aug 2018","KTEMPERLEY","28 Aug 2018","KTEMPERLEY"
"341","Standard_Trailblazer","23 Aug 2018","","","28 Aug 2018","KTEMPERLEY","28 Aug 2018","KTEMPERLEY"
"342","Standard_Trailblazer","05 Sep 2018","","","12 Sep 2018","KTEMPERLEY","12 Sep 2018","KTEMPERLEY"
"343","Standard_Trailblazer","12 Sep 2018","","","12 Sep 2018","KTEMPERLEY","12 Sep 2018","KTEMPERLEY"
"344","Standard_Trailblazer","13 Sep 2018","","","17 Sep 2018","KTEMPERLEY","17 Sep 2018","KTEMPERLEY"
"345","Standard_Trailblazer","24 Sep 2018","","","26 Sep 2018","KTEMPERLEY","26 Sep 2018","KTEMPERLEY"
"346","Standard_Trailblazer","24 Sep 2018","","","26 Sep 2018","KTEMPERLEY","26 Sep 2018","KTEMPERLEY"
"347","Standard_Trailblazer","24 Sep 2018","","","26 Sep 2018","KTEMPERLEY","26 Sep 2018","KTEMPERLEY"
"348","Standard_Trailblazer","24 Sep 2018","","","26 Sep 2018","KTEMPERLEY","26 Sep 2018","KTEMPERLEY"
"349","Standard_Trailblazer","24 Sep 2018","","","26 Sep 2018","KTEMPERLEY","26 Sep 2018","KTEMPERLEY"
"350","Standard_Trailblazer","24 Sep 2018","","","26 Sep 2018","KTEMPERLEY","26 Sep 2018","KTEMPERLEY"
"351","Standard_Trailblazer","24 Sep 2018","","","26 Sep 2018","KTEMPERLEY","26 Sep 2018","KTEMPERLEY"
"352","Standard_Trailblazer","24 Sep 2018","","","26 Sep 2018","KTEMPERLEY","26 Sep 2018","KTEMPERLEY"
"353","Standard_Trailblazer","24 Sep 2018","","","26 Sep 2018","KTEMPERLEY","26 Sep 2018","KTEMPERLEY"
"354","Standard_Trailblazer","24 Sep 2018","","","26 Sep 2018","KTEMPERLEY","26 Sep 2018","KTEMPERLEY"
"355","Standard_Trailblazer","24 Sep 2018","","","26 Sep 2018","KTEMPERLEY","26 Sep 2018","KTEMPERLEY"
"356","Standard_Trailblazer","24 Sep 2018","","","26 Sep 2018","KTEMPERLEY","26 Sep 2018","KTEMPERLEY"
"357","Standard_Trailblazer","27 Sep 2018","","","01 Oct 2018","KTEMPERLEY","01 Oct 2018","KTEMPERLEY"
"358","Standard_Trailblazer","27 Sep 2018","","","01 Oct 2018","KTEMPERLEY","01 Oct 2018","KTEMPERLEY"
"359","Standard_Trailblazer","04 Oct 2018","","","05 Oct 2018","KTEMPERLEY","05 Oct 2018","KTEMPERLEY"
"360","Standard_Trailblazer","05 Oct 2018","","","09 Oct 2018","KTEMPERLEY","09 Oct 2018","KTEMPERLEY"
"361","Standard_Trailblazer","05 Oct 2018","","","09 Oct 2018","KTEMPERLEY","09 Oct 2018","KTEMPERLEY"
"362","Standard_Trailblazer","05 Oct 2018","","","09 Oct 2018","KTEMPERLEY","09 Oct 2018","KTEMPERLEY"
"363","Standard_Trailblazer","11 Oct 2018","","","16 Oct 2018","KTEMPERLEY","16 Oct 2018","KTEMPERLEY"
"364","Standard_Trailblazer","11 Oct 2018","","","16 Oct 2018","KTEMPERLEY","16 Oct 2018","KTEMPERLEY"
"365","Standard_Trailblazer","11 Oct 2018","","","16 Oct 2018","KTEMPERLEY","16 Oct 2018","KTEMPERLEY"
"366","Standard_Trailblazer","17 Oct 2018","","","18 Oct 2018","KTEMPERLEY","18 Oct 2018","KTEMPERLEY"
"367","Standard_Trailblazer","22 Oct 2018","","","31 Oct 2018","TEMPERLEYK","31 Oct 2018","TEMPERLEYK"
"368","Standard_Trailblazer","31 Oct 2018","","","31 Oct 2018","TEMPERLEYK","31 Oct 2018","TEMPERLEYK"
"369","Standard_Trailblazer","02 Nov 2018","","","09 Nov 2018","KFISHER","09 Nov 2018","KFISHER"
"370","Standard_Trailblazer","07 Nov 2018","","","09 Nov 2018","KFISHER","09 Nov 2018","KFISHER"
"371","Standard_Trailblazer","08 Nov 2018","","","09 Nov 2018","KFISHER","09 Nov 2018","KFISHER"
"372","Standard_Trailblazer","08 Nov 2018","","","09 Nov 2018","KFISHER","09 Nov 2018","KFISHER"
"373","Standard_Trailblazer","08 Nov 2018","","","09 Nov 2018","KFISHER","09 Nov 2018","KFISHER"
"374","Standard_Trailblazer","08 Nov 2018","","","09 Nov 2018","KFISHER","09 Nov 2018","KFISHER"
"375","Standard_Trailblazer","08 Nov 2018","","","09 Nov 2018","KFISHER","09 Nov 2018","KFISHER"
"376","Standard_Trailblazer","08 Nov 2018","","","09 Nov 2018","KFISHER","09 Nov 2018","KFISHER"
"377","Standard_Trailblazer","20 Nov 2018","","","28 Nov 2018","KTEMPERLEY","28 Nov 2018","KTEMPERLEY"
"378","Standard_Trailblazer","22 Nov 2018","","","28 Nov 2018","KTEMPERLEY","28 Nov 2018","KTEMPERLEY"
"379","Standard_Trailblazer","22 Nov 2018","","","28 Nov 2018","KTEMPERLEY","28 Nov 2018","KTEMPERLEY"
"380","Standard_Trailblazer","23 Nov 2018","","","28 Nov 2018","KTEMPERLEY","28 Nov 2018","KTEMPERLEY"
"381","Standard_Trailblazer","30 Nov 2018","","","06 Dec 2018","KTEMPERLEY","06 Dec 2018","KTEMPERLEY"
"382","Standard_Trailblazer","30 Nov 2018","","","06 Dec 2018","KTEMPERLEY","06 Dec 2018","KTEMPERLEY"
"383","Standard_Trailblazer","30 Nov 2018","","","06 Dec 2018","KTEMPERLEY","06 Dec 2018","KTEMPERLEY"
"384","Standard_Trailblazer","30 Nov 2018","","","06 Dec 2018","KTEMPERLEY","06 Dec 2018","KTEMPERLEY"
"385","Standard_Trailblazer","04 Dec 2018","","","06 Dec 2018","KTEMPERLEY","06 Dec 2018","KTEMPERLEY"
"386","Standard_Trailblazer","04 Dec 2018","","","06 Dec 2018","KTEMPERLEY","06 Dec 2018","KTEMPERLEY"
"387","Standard_Trailblazer","05 Dec 2018","","","06 Dec 2018","KTEMPERLEY","06 Dec 2018","KTEMPERLEY"
"388","Standard_Trailblazer","07 Dec 2018","","","08 Dec 2018","KFISHER","08 Dec 2018","KFISHER"
"389","Standard_Trailblazer","07 Dec 2018","","","08 Dec 2018","KFISHER","08 Dec 2018","KFISHER"
"390","Standard_Trailblazer","07 Dec 2018","","","08 Dec 2018","KFISHER","08 Dec 2018","KFISHER"
"391","Standard_Trailblazer","07 Dec 2018","","","08 Dec 2018","KFISHER","08 Dec 2018","KFISHER"
"392","Standard_Trailblazer","12 Dec 2018","","","02 Jan 2019","KTEMPERLEY","02 Jan 2019","KTEMPERLEY"
"393","Standard_Trailblazer","14 Dec 2018","","","02 Jan 2019","KTEMPERLEY","02 Jan 2019","KTEMPERLEY"
"394","Standard_Trailblazer","17 Dec 2018","","","02 Jan 2019","KTEMPERLEY","02 Jan 2019","KTEMPERLEY"
"395","Standard_Trailblazer","21 Dec 2018","","","02 Jan 2019","KTEMPERLEY","02 Jan 2019","KTEMPERLEY"
"396","Standard_Trailblazer","18 Dec 2018","","","02 Jan 2019","KTEMPERLEY","02 Jan 2019","KTEMPERLEY"
"397","Standard_Trailblazer","18 Dec 2018","","","02 Jan 2019","KTEMPERLEY","02 Jan 2019","KTEMPERLEY"
"398","Standard_Trailblazer","24 Dec 2018","","","02 Jan 2019","KTEMPERLEY","02 Jan 2019","KTEMPERLEY"
"399","Standard_Trailblazer","18 Jan 2019","","","21 Jan 2019","KTEMPERLEY","21 Jan 2019","KTEMPERLEY"
"400","Standard_Trailblazer","29 Jan 2019","","","04 Feb 2019","KFISHER","04 Feb 2019","KFISHER"
"401","Standard_Trailblazer","29 Jan 2019","","","04 Feb 2019","KFISHER","04 Feb 2019","KFISHER"
"402","Standard_Trailblazer","29 Jan 2019","","","04 Feb 2019","KFISHER","04 Feb 2019","KFISHER"
"403","Standard_Trailblazer","29 Jan 2019","","","04 Feb 2019","KFISHER","04 Feb 2019","KFISHER"
"404","Standard_Trailblazer","29 Jan 2019","","","04 Feb 2019","KFISHER","04 Feb 2019","KFISHER"
"405","Standard_Trailblazer","29 Jan 2019","","","04 Feb 2019","KFISHER","04 Feb 2019","KFISHER"
"406","Standard_Trailblazer","29 Jan 2019","","","04 Feb 2019","KFISHER","04 Feb 2019","KFISHER"
"407","Standard_Trailblazer","14 Feb 2019","","","19 Feb 2019","KTEMPERLEY","19 Feb 2019","KTEMPERLEY"
"408","Standard_Trailblazer","15 Feb 2019","","","19 Feb 2019","KTEMPERLEY","19 Feb 2019","KTEMPERLEY"
"409","Standard_Trailblazer","13 Feb 2019","","","19 Feb 2019","KTEMPERLEY","19 Feb 2019","KTEMPERLEY"
"410","Standard_Trailblazer","18 Feb 2019","","","19 Feb 2019","KTEMPERLEY","19 Feb 2019","KTEMPERLEY"
"411","Standard_Trailblazer","18 Feb 2019","","","19 Feb 2019","KTEMPERLEY","19 Feb 2019","KTEMPERLEY"
"412","Standard_Trailblazer","18 Feb 2019","","","19 Feb 2019","KTEMPERLEY","19 Feb 2019","KTEMPERLEY"
"413","Standard_Trailblazer","18 Feb 2019","","","19 Feb 2019","KTEMPERLEY","19 Feb 2019","KTEMPERLEY"
"414","Standard_Trailblazer","18 Feb 2019","","","19 Feb 2019","KTEMPERLEY","19 Feb 2019","KTEMPERLEY"
"415","Standard_Trailblazer","18 Feb 2019","","","19 Feb 2019","KTEMPERLEY","19 Feb 2019","KTEMPERLEY"
"416","Standard_Trailblazer","18 Feb 2019","","","07 Mar 2019","KTEMPERLEY","07 Mar 2019","KTEMPERLEY"
"417","Standard_Trailblazer","22 Feb 2019","","","07 Mar 2019","KTEMPERLEY","07 Mar 2019","KTEMPERLEY"
"418","Standard_Trailblazer","04 Mar 2019","","","07 Mar 2019","KTEMPERLEY","07 Mar 2019","KTEMPERLEY"
"419","Standard_Trailblazer","04 Mar 2019","","","07 Mar 2019","KTEMPERLEY","07 Mar 2019","KTEMPERLEY"
"420","Standard_Trailblazer","01 Mar 2019","","","07 Mar 2019","KTEMPERLEY","07 Mar 2019","KTEMPERLEY"
"421","Standard_Trailblazer","15 Mar 2019","","","19 Mar 2019","KTEMPERLEY","19 Mar 2019","KTEMPERLEY"
"422","Standard_Trailblazer","07 Mar 2019","","","19 Mar 2019","KTEMPERLEY","19 Mar 2019","KTEMPERLEY"
"423","Standard_Trailblazer","22 Mar 2019","","","05 Apr 2019","KTEMPERLEY","05 Apr 2019","KTEMPERLEY"
"424","Standard_Trailblazer","22 Mar 2019","","","05 Apr 2019","KTEMPERLEY","05 Apr 2019","KTEMPERLEY"
"425","Standard_Trailblazer","22 Mar 2019","","","05 Apr 2019","KTEMPERLEY","05 Apr 2019","KTEMPERLEY"
"426","Standard_Trailblazer","22 Mar 2019","","","05 Apr 2019","KTEMPERLEY","05 Apr 2019","KTEMPERLEY"
"427","Standard_Trailblazer","22 Mar 2019","","","05 Apr 2019","KTEMPERLEY","05 Apr 2019","KTEMPERLEY"
"428","Standard_Trailblazer","28 Mar 2019","","","05 Apr 2019","KTEMPERLEY","05 Apr 2019","KTEMPERLEY"
"429","Standard_Trailblazer","29 Mar 2019","","","05 Apr 2019","KTEMPERLEY","05 Apr 2019","KTEMPERLEY"
"430","Standard_Trailblazer","03 Apr 2019","","","05 Apr 2019","KTEMPERLEY","05 Apr 2019","KTEMPERLEY"
"431","Standard_Trailblazer","05 Apr 2019","","","08 Apr 2019","KTEMPERLEY","08 Apr 2019","KTEMPERLEY"
"432","Standard_Trailblazer","05 Apr 2019","","","08 Apr 2019","KTEMPERLEY","08 Apr 2019","KTEMPERLEY"
"433","Standard_Trailblazer","09 Apr 2019","","","10 Apr 2019","KTEMPERLEY","10 Apr 2019","KTEMPERLEY"
"434","Standard_Trailblazer","08 Apr 2019","","","10 Apr 2019","KTEMPERLEY","10 Apr 2019","KTEMPERLEY"
"435","Standard_Trailblazer","22 Mar 2019","","","18 Apr 2019","KTEMPERLEY","18 Apr 2019","KTEMPERLEY"
"436","Standard_Trailblazer","22 Mar 2019","","","18 Apr 2019","KTEMPERLEY","18 Apr 2019","KTEMPERLEY"
"437","Standard_Trailblazer","22 Mar 2019","","","18 Apr 2019","KTEMPERLEY","18 Apr 2019","KTEMPERLEY"
"438","Standard_Trailblazer","10 Apr 2019","","","18 Apr 2019","KTEMPERLEY","18 Apr 2019","KTEMPERLEY"
"439","Standard_Trailblazer","11 Apr 2019","","","18 Apr 2019","KTEMPERLEY","18 Apr 2019","KTEMPERLEY"
"440","Standard_Trailblazer","11 Apr 2019","","","18 Apr 2019","KTEMPERLEY","18 Apr 2019","KTEMPERLEY"
"441","Standard_Trailblazer","11 Apr 2019","","","18 Apr 2019","KTEMPERLEY","18 Apr 2019","KTEMPERLEY"
"442","Standard_Trailblazer","11 Apr 2019","","","18 Apr 2019","KTEMPERLEY","18 Apr 2019","KTEMPERLEY"
"443","Standard_Trailblazer","12 Apr 2019","","","18 Apr 2019","KTEMPERLEY","18 Apr 2019","KTEMPERLEY"
"444","Standard_Trailblazer","12 Apr 2019","","","18 Apr 2019","KTEMPERLEY","18 Apr 2019","KTEMPERLEY"
"445","Standard_Trailblazer","15 Apr 2019","","","18 Apr 2019","KTEMPERLEY","18 Apr 2019","KTEMPERLEY"
"446","Standard_Trailblazer","07 May 2019","","","08 May 2019","KTEMPERLEY","08 May 2019","KTEMPERLEY"
"447","Standard_Trailblazer","02 May 2019","","","08 May 2019","KTEMPERLEY","08 May 2019","KTEMPERLEY"
"448","Standard_Trailblazer","23 Apr 2019","","","08 May 2019","KTEMPERLEY","08 May 2019","KTEMPERLEY"
"449","Standard_Trailblazer","18 Apr 2019","","","08 May 2019","KTEMPERLEY","08 May 2019","KTEMPERLEY"
"450","Standard_Trailblazer","18 Apr 2019","","","08 May 2019","KTEMPERLEY","08 May 2019","KTEMPERLEY"
"451","Standard_Trailblazer","18 Apr 2019","","","08 May 2019","KTEMPERLEY","08 May 2019","KTEMPERLEY"
"452","Standard_Trailblazer","16 Apr 2019","","","08 May 2019","KTEMPERLEY","08 May 2019","KTEMPERLEY"
"453","Standard_Trailblazer","10 May 2019","","","20 May 2019","KFISHER","20 May 2019","KFISHER"
"454","Standard_Trailblazer","10 May 2019","","","20 May 2019","KFISHER","20 May 2019","KFISHER"
"455","Standard_Trailblazer","13 May 2019","","","20 May 2019","KFISHER","20 May 2019","KFISHER"
"456","Standard_Trailblazer","13 May 2019","","","20 May 2019","KFISHER","20 May 2019","KFISHER"
"457","Standard_Trailblazer","13 May 2019","","","20 May 2019","KFISHER","20 May 2019","KFISHER"
"458","Standard_Trailblazer","16 May 2019","","","20 May 2019","KFISHER","20 May 2019","KFISHER"
"459","Standard_Trailblazer","16 May 2019","","","20 May 2019","KFISHER","20 May 2019","KFISHER"
"460","Standard_Trailblazer","07 Jun 2019","","","07 Jun 2019","KTEMPERLEY","07 Jun 2019","KTEMPERLEY"
"461","Standard_Trailblazer","24 May 2019","","","07 Jun 2019","KTEMPERLEY","07 Jun 2019","KTEMPERLEY"
"462","Standard_Trailblazer","11 Jun 2019","","","18 Jun 2019","KTEMPERLEY","18 Jun 2019","KTEMPERLEY"
"463","Standard_Trailblazer","11 Jun 2019","","","18 Jun 2019","KTEMPERLEY","18 Jun 2019","KTEMPERLEY"
"464","Standard_Trailblazer","14 Jun 2019","","","18 Jun 2019","KTEMPERLEY","18 Jun 2019","KTEMPERLEY"
"465","Standard_Trailblazer","14 Jun 2019","","","18 Jun 2019","KTEMPERLEY","18 Jun 2019","KTEMPERLEY"
"466","Standard_Trailblazer","28 Jun 2019","","","05 Jul 2019","KTEMPERLEY","05 Jul 2019","KTEMPERLEY"
"467","Standard_Trailblazer","03 Jul 2019","","","05 Jul 2019","KTEMPERLEY","05 Jul 2019","KTEMPERLEY"
"468","Standard_Trailblazer","03 Jul 2019","","","05 Jul 2019","KTEMPERLEY","05 Jul 2019","KTEMPERLEY"
"469","Standard_Trailblazer","03 Jul 2019","","","05 Jul 2019","KTEMPERLEY","05 Jul 2019","KTEMPERLEY"
"470","Standard_Trailblazer","03 Jul 2019","","","05 Jul 2019","KTEMPERLEY","05 Jul 2019","KTEMPERLEY"
"471","Standard_Trailblazer","03 Jul 2019","","","05 Jul 2019","KTEMPERLEY","05 Jul 2019","KTEMPERLEY"
"472","Standard_Trailblazer","03 Jul 2019","","","05 Jul 2019","KTEMPERLEY","05 Jul 2019","KTEMPERLEY"
"473","Standard_Trailblazer","03 Jul 2019","","","05 Jul 2019","KTEMPERLEY","05 Jul 2019","KTEMPERLEY"
"474","Standard_Trailblazer","03 Jul 2019","","","05 Jul 2019","KTEMPERLEY","05 Jul 2019","KTEMPERLEY"
"475","Standard_Trailblazer","03 Jul 2019","","","05 Jul 2019","KTEMPERLEY","05 Jul 2019","KTEMPERLEY"
"476","Standard_Trailblazer","03 Jul 2019","","","05 Jul 2019","KTEMPERLEY","05 Jul 2019","KTEMPERLEY"
"477","Standard_Trailblazer","03 Jul 2019","","","05 Jul 2019","KTEMPERLEY","05 Jul 2019","KTEMPERLEY"
"478","Standard_Trailblazer","03 Jul 2019","","","05 Jul 2019","KTEMPERLEY","05 Jul 2019","KTEMPERLEY"
"479","Standard_Trailblazer","03 Jul 2019","","","05 Jul 2019","KTEMPERLEY","05 Jul 2019","KTEMPERLEY"
"480","Standard_Trailblazer","03 Jul 2019","","","05 Jul 2019","KTEMPERLEY","05 Jul 2019","KTEMPERLEY"
"481","Standard_Trailblazer","04 Jul 2019","","","05 Jul 2019","KTEMPERLEY","05 Jul 2019","KTEMPERLEY"
"482","Standard_Trailblazer","11 Jul 2019","","","19 Jul 2019","KTEMPERLEY","19 Jul 2019","KTEMPERLEY"
"483","Standard_Trailblazer","11 Jul 2019","","","19 Jul 2019","KTEMPERLEY","19 Jul 2019","KTEMPERLEY"
"484","Standard_Trailblazer","11 Jul 2019","","","19 Jul 2019","KTEMPERLEY","19 Jul 2019","KTEMPERLEY"
"485","Standard_Trailblazer","16 Jul 2019","","","19 Jul 2019","KTEMPERLEY","19 Jul 2019","KTEMPERLEY"
"486","Standard_Trailblazer","19 Jul 2019","","","19 Jul 2019","KTEMPERLEY","19 Jul 2019","KTEMPERLEY"
"487","Standard_Trailblazer","19 Jul 2019","","","19 Jul 2019","KTEMPERLEY","19 Jul 2019","KTEMPERLEY"
"488","Standard_Trailblazer","19 Jul 2019","","","19 Jul 2019","KTEMPERLEY","19 Jul 2019","KTEMPERLEY"
"489","Standard_Trailblazer","19 Jul 2019","","","20 Aug 2019","KTEMPERLEY","20 Aug 2019","KTEMPERLEY"
"490","Standard_Trailblazer","16 Aug 2019","","","20 Aug 2019","KTEMPERLEY","20 Aug 2019","KTEMPERLEY"
"491","Standard_Trailblazer","14 Aug 2019","","","20 Aug 2019","KTEMPERLEY","20 Aug 2019","KTEMPERLEY"
"492","Standard_Trailblazer","05 Aug 2019","","","20 Aug 2019","KTEMPERLEY","20 Aug 2019","KTEMPERLEY"
"493","Standard_Trailblazer","25 Jul 2019","","","20 Aug 2019","KTEMPERLEY","20 Aug 2019","KTEMPERLEY"
"494","Standard_Trailblazer","16 Aug 2019","","","20 Aug 2019","KTEMPERLEY","20 Aug 2019","KTEMPERLEY"
"495","Standard_Trailblazer","20 Aug 2019","","","20 Aug 2019","KTEMPERLEY","20 Aug 2019","KTEMPERLEY"
"496","Standard_Trailblazer","20 Aug 2019","","","20 Aug 2019","KTEMPERLEY","20 Aug 2019","KTEMPERLEY"
"497","Standard_Trailblazer","28 Aug 2019","","","02 Sep 2019","KTEMPERLEY","02 Sep 2019","KTEMPERLEY"
"498","Standard_Trailblazer","23 Aug 2019","","","02 Sep 2019","KTEMPERLEY","02 Sep 2019","KTEMPERLEY"
"499","Standard_Trailblazer","21 Aug 2019","","","02 Sep 2019","KTEMPERLEY","02 Sep 2019","KTEMPERLEY"
"500","Standard_Trailblazer","13 Sep 2019","","","18 Sep 2019","KTEMPERLEY","18 Sep 2019","KTEMPERLEY"
"501","Standard_Trailblazer","06 Sep 2019","","","18 Sep 2019","KTEMPERLEY","18 Sep 2019","KTEMPERLEY"
"502","Standard_Trailblazer","06 Sep 2019","","","18 Sep 2019","KTEMPERLEY","18 Sep 2019","KTEMPERLEY"
"503","Standard_Trailblazer","30 Sep 2019","","","09 Oct 2019","KTEMPERLEY","09 Oct 2019","KTEMPERLEY"
"504","Standard_Trailblazer","30 Sep 2019","","","09 Oct 2019","KTEMPERLEY","09 Oct 2019","KTEMPERLEY"
"505","Standard_Trailblazer","30 Sep 2019","","","09 Oct 2019","KTEMPERLEY","09 Oct 2019","KTEMPERLEY"
"506","Standard_Trailblazer","30 Sep 2019","","","09 Oct 2019","KTEMPERLEY","09 Oct 2019","KTEMPERLEY"
"507","Standard_Trailblazer","30 Sep 2019","","","09 Oct 2019","KTEMPERLEY","09 Oct 2019","KTEMPERLEY"
"508","Standard_Trailblazer","30 Sep 2019","","","09 Oct 2019","KTEMPERLEY","09 Oct 2019","KTEMPERLEY"
"509","Standard_Trailblazer","27 Sep 2019","","","09 Oct 2019","KTEMPERLEY","09 Oct 2019","KTEMPERLEY"
"510","Standard_Trailblazer","27 Sep 2019","","","09 Oct 2019","KTEMPERLEY","09 Oct 2019","KTEMPERLEY"
"511","Standard_Trailblazer","27 Sep 2019","","","09 Oct 2019","KTEMPERLEY","09 Oct 2019","KTEMPERLEY"
"512","Standard_Trailblazer","27 Sep 2019","","","09 Oct 2019","KTEMPERLEY","09 Oct 2019","KTEMPERLEY"
"513","Standard_Trailblazer","27 Sep 2019","","","09 Oct 2019","KTEMPERLEY","09 Oct 2019","KTEMPERLEY"
"514","Standard_Trailblazer","27 Sep 2019","","","09 Oct 2019","KTEMPERLEY","09 Oct 2019","KTEMPERLEY"
"515","Standard_Trailblazer","27 Sep 2019","","","09 Oct 2019","KTEMPERLEY","09 Oct 2019","KTEMPERLEY"
"516","Standard_Trailblazer","20 Sep 2019","","","09 Oct 2019","KTEMPERLEY","09 Oct 2019","KTEMPERLEY"
"517","Standard_Trailblazer","30 Sep 2019","","","22 Oct 2019","KTEMPERLEY","22 Oct 2019","KTEMPERLEY"
"518","Standard_Trailblazer","30 Sep 2019","","","22 Oct 2019","KTEMPERLEY","22 Oct 2019","KTEMPERLEY"
"519","Standard_Trailblazer","07 Nov 2019","","","08 Nov 2019","KTEMPERLEY","08 Nov 2019","KTEMPERLEY"
"520","Standard_Trailblazer","05 Nov 2019","05 Nov 2019","","08 Nov 2019","KTEMPERLEY","08 Nov 2019","KTEMPERLEY"
"521","Standard_Trailblazer","30 Sep 2019","","","08 Nov 2019","KTEMPERLEY","08 Nov 2019","KTEMPERLEY"
"522","Standard_Trailblazer","04 Nov 2019","","","08 Nov 2019","KTEMPERLEY","08 Nov 2019","KTEMPERLEY"
"523","Standard_Trailblazer","05 Nov 2019","","","08 Nov 2019","KTEMPERLEY","22 Jan 2020","KFISHER"
"524","Standard_Trailblazer","30 Sep 2019","","","08 Nov 2019","KTEMPERLEY","08 Nov 2019","KTEMPERLEY"
"525","Standard_Trailblazer","30 Sep 2019","","","08 Nov 2019","KTEMPERLEY","08 Nov 2019","KTEMPERLEY"
"526","Standard_Trailblazer","18 Dec 2019","","","20 Dec 2019","KFISHER","02 Apr 2020","KTEMPERLEY"
"527","Standard_Trailblazer","18 Dec 2019","","","20 Dec 2019","KFISHER","07 May 2020","KFISHER"
"528","Standard_Trailblazer","18 Dec 2019","","","20 Dec 2019","KFISHER","15 Jan 2020","KFISHER"
"529","Standard_Trailblazer","18 Dec 2019","","","20 Dec 2019","KFISHER","20 Dec 2019","KFISHER"
"530","Standard_Trailblazer","20 Nov 2019","","","08 Jan 2020","KTEMPERLEY","13 Feb 2020","KTEMPERLEY"
"531","Standard_Trailblazer","20 Dec 2019","","","08 Jan 2020","KTEMPERLEY","08 Jan 2020","KTEMPERLEY"
"532","Standard_Trailblazer","03 Feb 2020","","","10 Feb 2020","KTEMPERLEY","10 Feb 2020","KTEMPERLEY"
"533","Standard_Trailblazer","03 Feb 2020","03 Feb 2020","","10 Feb 2020","KTEMPERLEY","10 Feb 2020","KTEMPERLEY"
"534","Standard_Trailblazer","03 Feb 2020","","","10 Feb 2020","KTEMPERLEY","02 Apr 2020","KTEMPERLEY"
"535","Standard_Trailblazer","03 Feb 2020","","","10 Feb 2020","KTEMPERLEY","10 Feb 2020","KTEMPERLEY"
"536","Standard_Trailblazer","03 Feb 2020","03 Feb 2020","","10 Feb 2020","KTEMPERLEY","10 Feb 2020","KTEMPERLEY"
"537","Standard_Trailblazer","03 Feb 2020","","","10 Feb 2020","KTEMPERLEY","10 Feb 2020","KTEMPERLEY"
"538","Standard_Trailblazer","03 Feb 2020","","","10 Feb 2020","KTEMPERLEY","02 Apr 2020","KTEMPERLEY"
"539","Standard_Trailblazer","03 Feb 2020","","","10 Feb 2020","KTEMPERLEY","10 Feb 2020","KTEMPERLEY"
"540","Standard_Trailblazer","03 Feb 2020","03 Feb 2020","","10 Feb 2020","KTEMPERLEY","10 Feb 2020","KTEMPERLEY"
"541","Standard_Trailblazer","03 Feb 2020","","","10 Feb 2020","KTEMPERLEY","10 Feb 2020","KTEMPERLEY"
"542","Standard_Trailblazer","03 Feb 2020","","","10 Feb 2020","KTEMPERLEY","10 Feb 2020","KTEMPERLEY"
"543","Standard_Trailblazer","03 Feb 2020","","","10 Feb 2020","KTEMPERLEY","10 Feb 2020","KTEMPERLEY"
"544","Standard_Trailblazer","03 Feb 2020","","","10 Feb 2020","KTEMPERLEY","10 Feb 2020","KTEMPERLEY"
"545","Standard_Trailblazer","03 Feb 2020","","","10 Feb 2020","KTEMPERLEY","10 Feb 2020","KTEMPERLEY"
"546","Standard_Trailblazer","25 Feb 2020","","","03 Mar 2020","KTEMPERLEY","03 Mar 2020","KTEMPERLEY"
"547","Standard_Trailblazer","06 Mar 2020","","","09 Mar 2020","KTEMPERLEY","09 Mar 2020","KTEMPERLEY"
"548","Standard_Trailblazer","12 Mar 2020","","","12 Mar 2020","KTEMPERLEY","16 Mar 2020","KTEMPERLEY"
"549","Standard_Trailblazer","19 Mar 2020","","","20 Mar 2020","KTEMPERLEY","01 Apr 2020","KFISHER"
"550","Standard_Trailblazer","26 Mar 2020","","","26 Mar 2020","KTEMPERLEY","16 Apr 2020","KTEMPERLEY"
"551","Standard_Trailblazer","31 Mar 2020","","","01 Apr 2020","KTEMPERLEY","16 Apr 2020","KTEMPERLEY"
"552","Standard_Trailblazer","02 Apr 2020","02 Apr 2020","","03 Apr 2020","KTEMPERLEY","03 Apr 2020","KTEMPERLEY"
"553","Standard_Trailblazer","07 Apr 2020","","","08 Apr 2020","KTEMPERLEY","08 Apr 2020","KTEMPERLEY"
"554","Standard_Trailblazer","27 Apr 2020","27 Apr 2020","","28 Apr 2020","KTEMPERLEY","28 Apr 2020","KTEMPERLEY"
