"StandardCode","LearnAimRef","EffectiveFrom","EffectiveTo","StandardComponentType","Created_On","Created_By","Modified_On","Modified_By"
"1","Z0001946","01 Aug 2014","31 Dec 2600","-2","02 Jul 2019","KFISHER","02 Jul 2019","KFISHER"
"2","Z0001947","01 Aug 2014","31 Dec 2600","-2","23 Jul 2019","KTEMPERLEY","23 Jul 2019","KTEMPERLEY"
"5","Z0001890","01 Aug 2015","31 Dec 2600","-2","23 Jul 2019","KTEMPERLEY","23 Jul 2019","KTEMPERLEY"
"6","Z0001890","01 Aug 2014","31 Dec 2600","-2","23 Jul 2019","KTEMPERLEY","23 Jul 2019","KTEMPERLEY"
"7","Z0002074","01 Aug 2014","31 Dec 2600","-2","23 Jul 2019","KTEMPERLEY","23 Jul 2019","KTEMPERLEY"
"8","Z0001924","01 Aug 2014","31 Dec 2600","-2","23 Jul 2019","KTEMPERLEY","23 Jul 2019","KTEMPERLEY"
"9","Z0002041","01 Aug 2014","31 Dec 2600","-2","23 Jul 2019","KTEMPERLEY","23 Jul 2019","KTEMPERLEY"
"10","Z0002041","01 Aug 2014","31 Dec 2600","-2","23 Jul 2019","KTEMPERLEY","23 Jul 2019","KTEMPERLEY"
"11","Z0002041","01 Aug 2014","31 Dec 2600","-2","23 Jul 2019","KTEMPERLEY","23 Jul 2019","KTEMPERLEY"
"12","Z0002041","01 Aug 2014","31 Dec 2600","-2","23 Jul 2019","KTEMPERLEY","23 Jul 2019","KTEMPERLEY"
"14","Z0001891","01 Aug 2014","31 Dec 2600","-2","23 Jul 2019","KTEMPERLEY","23 Jul 2019","KTEMPERLEY"
"15","Z0001891","01 Aug 2014","31 Dec 2600","-2","23 Jul 2019","KTEMPERLEY","23 Jul 2019","KTEMPERLEY"
"16","Z0001890","01 Aug 2014","31 Dec 2600","-2","23 Jul 2019","KTEMPERLEY","23 Jul 2019","KTEMPERLEY"
"17","Z0001974","26 Mar 2015","31 Dec 2600","-2","23 Jul 2019","KTEMPERLEY","23 Jul 2019","KTEMPERLEY"
"18","Z0001979","26 Mar 2015","31 Dec 2600","-2","23 Jul 2019","KTEMPERLEY","23 Jul 2019","KTEMPERLEY"
"19","Z0001879","26 Mar 2015","31 Dec 2600","-2","23 Jul 2019","KTEMPERLEY","23 Jul 2019","KTEMPERLEY"
"20","Z0001929","26 Mar 2015","31 Dec 2600","-2","23 Jul 2019","KTEMPERLEY","23 Jul 2019","KTEMPERLEY"
"21","Z0001836","26 Mar 2015","31 Dec 2600","-2","23 Jul 2019","KTEMPERLEY","23 Jul 2019","KTEMPERLEY"
"22","Z0001906","26 Mar 2015","31 Dec 2600","-2","23 Jul 2019","KTEMPERLEY","23 Jul 2019","KTEMPERLEY"
"23","Z0001844","26 Mar 2015","31 Dec 2600","-2","23 Jul 2019","KTEMPERLEY","23 Jul 2019","KTEMPERLEY"
"24","Z0001890","26 Mar 2015","31 Dec 2600","-2","23 Jul 2019","KTEMPERLEY","23 Jul 2019","KTEMPERLEY"
"25","Z0002046","26 Mar 2015","31 Dec 2600","-2","23 Jul 2019","KTEMPERLEY","23 Jul 2019","KTEMPERLEY"
"26","Z0001840","01 Aug 2015","31 Dec 2600","-2","23 Jul 2019","KTEMPERLEY","23 Jul 2019","KTEMPERLEY"
"27","Z0001890","01 Aug 2015","31 Dec 2600","-2","23 Jul 2019","KTEMPERLEY","23 Jul 2019","KTEMPERLEY"
"28","Z0001874","01 Aug 2015","31 Dec 2600","-2","23 Jul 2019","KTEMPERLEY","23 Jul 2019","KTEMPERLEY"
"29","Z0001874","01 Aug 2015","31 Dec 2600","-2","23 Jul 2019","KTEMPERLEY","23 Jul 2019","KTEMPERLEY"
"30","Z0001974","01 Aug 2015","31 Dec 2600","-2","23 Jul 2019","KTEMPERLEY","23 Jul 2019","KTEMPERLEY"
"31","Z0001924","01 Aug 2015","31 Dec 2600","-2","23 Jul 2019","KTEMPERLEY","23 Jul 2019","KTEMPERLEY"
"32","Z0001924","01 Aug 2015","31 Dec 2600","-2","23 Jul 2019","KTEMPERLEY","23 Jul 2019","KTEMPERLEY"
"33","Z0001924","01 Aug 2015","31 Dec 2600","-2","23 Jul 2019","KTEMPERLEY","23 Jul 2019","KTEMPERLEY"
"34","Z0001842","01 Aug 2015","31 Dec 2600","-2","23 Jul 2019","KTEMPERLEY","23 Jul 2019","KTEMPERLEY"
"35","Z0001940","01 Aug 2015","31 Dec 2600","-2","23 Jul 2019","KTEMPERLEY","23 Jul 2019","KTEMPERLEY"
"36","Z0001882","01 Aug 2015","31 Dec 2600","-2","23 Jul 2019","KTEMPERLEY","23 Jul 2019","KTEMPERLEY"
"37","Z0002040","01 Aug 2015","31 Dec 2600","-2","23 Jul 2019","KTEMPERLEY","23 Jul 2019","KTEMPERLEY"
"38","Z0002040","01 Aug 2015","31 Dec 2600","-2","23 Jul 2019","KTEMPERLEY","23 Jul 2019","KTEMPERLEY"
"39","Z0001978","01 Aug 2015","31 Dec 2600","-2","23 Jul 2019","KTEMPERLEY","23 Jul 2019","KTEMPERLEY"
"40","Z0002078","01 Aug 2015","31 Dec 2600","-2","23 Jul 2019","KTEMPERLEY","23 Jul 2019","KTEMPERLEY"
"41","Z0002078","01 Aug 2015","31 Dec 2600","-2","23 Jul 2019","KTEMPERLEY","23 Jul 2019","KTEMPERLEY"
"42","Z0001928","01 Aug 2015","31 Dec 2600","-2","23 Jul 2019","KTEMPERLEY","23 Jul 2019","KTEMPERLEY"
"43","Z0009120","01 Aug 2015","31 Dec 2600","-2","23 Jul 2019","KTEMPERLEY","23 Jul 2019","KTEMPERLEY"
"45","Z0001894","01 Aug 2015","31 Dec 2600","-2","23 Jul 2019","KTEMPERLEY","23 Jul 2019","KTEMPERLEY"
"46","Z0001830","01 Aug 2015","31 Dec 2600","-2","23 Jul 2019","KTEMPERLEY","23 Jul 2019","KTEMPERLEY"
"47","Z0002040","01 Aug 2015","31 Dec 2600","-2","23 Jul 2019","KTEMPERLEY","23 Jul 2019","KTEMPERLEY"
"48","Z0001974","01 Aug 2015","31 Dec 2600","-2","23 Jul 2019","KTEMPERLEY","23 Jul 2019","KTEMPERLEY"
"49","Z0001890","01 Aug 2015","31 Dec 2600","-2","23 Jul 2019","KTEMPERLEY","23 Jul 2019","KTEMPERLEY"
"50","Z0002044","01 Aug 2015","31 Dec 2600","-2","23 Jul 2019","KTEMPERLEY","23 Jul 2019","KTEMPERLEY"
"51","Z0001894","01 Aug 2015","31 Dec 2600","-2","23 Jul 2019","KTEMPERLEY","23 Jul 2019","KTEMPERLEY"
"53","Z0001890","01 Aug 2015","31 Dec 2600","-2","23 Jul 2019","KTEMPERLEY","23 Jul 2019","KTEMPERLEY"
"54","Z0001851","01 Aug 2015","31 Dec 2600","-2","23 Jul 2019","KTEMPERLEY","23 Jul 2019","KTEMPERLEY"
"55","Z0002076","01 Aug 2015","31 Dec 2600","-2","23 Jul 2019","KTEMPERLEY","23 Jul 2019","KTEMPERLEY"
"57","Z0001890","01 Aug 2015","31 Dec 2600","-2","23 Jul 2019","KTEMPERLEY","23 Jul 2019","KTEMPERLEY"
"58","Z0001840","01 Aug 2015","31 Dec 2600","-2","23 Jul 2019","KTEMPERLEY","23 Jul 2019","KTEMPERLEY"
"59","Z0001892","01 Aug 2015","31 Dec 2600","-2","23 Jul 2019","KTEMPERLEY","23 Jul 2019","KTEMPERLEY"
"60","Z0001924","01 Aug 2015","31 Dec 2600","-2","23 Jul 2019","KTEMPERLEY","23 Jul 2019","KTEMPERLEY"
"61","Z0001881","01 Aug 2015","31 Dec 2600","-2","23 Jul 2019","KTEMPERLEY","23 Jul 2019","KTEMPERLEY"
"62","Z0001924","01 Aug 2015","31 Dec 2600","-2","23 Jul 2019","KTEMPERLEY","23 Jul 2019","KTEMPERLEY"
"63","Z0001974","01 Aug 2015","31 Dec 2600","-2","23 Jul 2019","KTEMPERLEY","23 Jul 2019","KTEMPERLEY"
"64","Z0001832","01 Aug 2015","31 Dec 2600","-2","23 Jul 2019","KTEMPERLEY","23 Jul 2019","KTEMPERLEY"
"65","Z0001882","01 Aug 2015","31 Dec 2600","-2","23 Jul 2019","KTEMPERLEY","23 Jul 2019","KTEMPERLEY"
"66","Z0001932","01 Aug 2015","31 Dec 2600","-2","23 Jul 2019","KTEMPERLEY","23 Jul 2019","KTEMPERLEY"
"67","Z0001890","01 Aug 2015","31 Dec 2600","-2","23 Jul 2019","KTEMPERLEY","23 Jul 2019","KTEMPERLEY"
"68","Z0001900","01 Aug 2015","31 Dec 2600","-2","23 Jul 2019","KTEMPERLEY","23 Jul 2019","KTEMPERLEY"
"69","Z0001836","01 Aug 2015","31 Dec 2600","-2","23 Jul 2019","KTEMPERLEY","23 Jul 2019","KTEMPERLEY"
"70","Z0001886","01 Aug 2015","31 Dec 2600","-2","23 Jul 2019","KTEMPERLEY","23 Jul 2019","KTEMPERLEY"
"71","Z0001904","01 Aug 2015","31 Dec 2600","-2","23 Jul 2019","KTEMPERLEY","23 Jul 2019","KTEMPERLEY"
"72","Z0001998","01 Aug 2015","31 Dec 2600","-2","23 Jul 2019","KTEMPERLEY","23 Jul 2019","KTEMPERLEY"
"74","Z0001890","01 Aug 2015","31 Dec 2600","-2","23 Jul 2019","KTEMPERLEY","23 Jul 2019","KTEMPERLEY"
"75","Z0009098","01 Aug 2015","31 Dec 2600","-2","23 Jul 2019","KTEMPERLEY","23 Jul 2019","KTEMPERLEY"
"76","Z0001891","01 Aug 2015","31 Dec 2600","-2","23 Jul 2019","KTEMPERLEY","23 Jul 2019","KTEMPERLEY"
"77","Z0001874","01 Aug 2015","31 Dec 2600","-2","23 Jul 2019","KTEMPERLEY","23 Jul 2019","KTEMPERLEY"
"78","Z0001896","01 Aug 2015","31 Dec 2600","-2","23 Jul 2019","KTEMPERLEY","23 Jul 2019","KTEMPERLEY"
"79","Z0001946","01 Aug 2015","31 Dec 2600","-2","23 Jul 2019","KTEMPERLEY","23 Jul 2019","KTEMPERLEY"
"80","Z0001946","01 Aug 2015","31 Dec 2600","-2","23 Jul 2019","KTEMPERLEY","23 Jul 2019","KTEMPERLEY"
"81","Z0001946","01 Aug 2015","31 Dec 2600","-2","23 Jul 2019","KTEMPERLEY","23 Jul 2019","KTEMPERLEY"
"82","Z0001896","01 Aug 2015","31 Dec 2600","-2","23 Jul 2019","KTEMPERLEY","23 Jul 2019","KTEMPERLEY"
"83","Z0001974","01 Aug 2015","31 Dec 2600","-2","23 Jul 2019","KTEMPERLEY","23 Jul 2019","KTEMPERLEY"
"84","Z0001955","01 Aug 2015","31 Dec 2600","-2","23 Jul 2019","KTEMPERLEY","23 Jul 2019","KTEMPERLEY"
"85","Z0001955","01 Aug 2015","31 Dec 2600","-2","23 Jul 2019","KTEMPERLEY","23 Jul 2019","KTEMPERLEY"
"86","Z0001892","01 Aug 2015","31 Dec 2600","-2","23 Jul 2019","KTEMPERLEY","23 Jul 2019","KTEMPERLEY"
"87","Z0001842","01 Aug 2015","31 Dec 2600","-2","23 Jul 2019","KTEMPERLEY","23 Jul 2019","KTEMPERLEY"
"88","Z0001942","01 Aug 2015","31 Dec 2600","-2","23 Jul 2019","KTEMPERLEY","23 Jul 2019","KTEMPERLEY"
"89","Z0001892","01 Aug 2015","31 Dec 2600","-2","23 Jul 2019","KTEMPERLEY","23 Jul 2019","KTEMPERLEY"
"90","Z0001842","01 Aug 2015","31 Dec 2600","-2","23 Jul 2019","KTEMPERLEY","23 Jul 2019","KTEMPERLEY"
"91","Z0001946","01 Aug 2015","31 Dec 2600","-2","23 Jul 2019","KTEMPERLEY","23 Jul 2019","KTEMPERLEY"
"92","Z0001890","01 Aug 2015","31 Dec 2600","-2","23 Jul 2019","KTEMPERLEY","23 Jul 2019","KTEMPERLEY"
"93","Z0001851","01 Aug 2015","31 Dec 2600","-2","23 Jul 2019","KTEMPERLEY","23 Jul 2019","KTEMPERLEY"
"94","Z0001841","01 Aug 2015","31 Dec 2600","-2","23 Jul 2019","KTEMPERLEY","23 Jul 2019","KTEMPERLEY"
"95","Z0001891","01 Aug 2015","31 Dec 2600","-2","23 Jul 2019","KTEMPERLEY","23 Jul 2019","KTEMPERLEY"
"96","Z0001851","01 Aug 2015","31 Dec 2600","-2","23 Jul 2019","KTEMPERLEY","23 Jul 2019","KTEMPERLEY"
"98","Z0001946","01 Aug 2015","31 Dec 2600","-2","23 Jul 2019","KTEMPERLEY","23 Jul 2019","KTEMPERLEY"
"99","Z0001831","01 Aug 2015","31 Dec 2600","-2","23 Jul 2019","KTEMPERLEY","23 Jul 2019","KTEMPERLEY"
"100","Z0001894","01 Aug 2015","31 Dec 2600","-2","23 Jul 2019","KTEMPERLEY","23 Jul 2019","KTEMPERLEY"
"101","Z0001848","01 Aug 2015","31 Dec 2600","-2","23 Jul 2019","KTEMPERLEY","23 Jul 2019","KTEMPERLEY"
"102","Z0001981","01 Aug 2015","31 Dec 2600","-2","23 Jul 2019","KTEMPERLEY","23 Jul 2019","KTEMPERLEY"
"103","Z0001831","01 Aug 2015","31 Dec 2600","-2","23 Jul 2019","KTEMPERLEY","23 Jul 2019","KTEMPERLEY"
"104","Z0002026","01 Aug 2015","31 Dec 2600","-2","23 Jul 2019","KTEMPERLEY","23 Jul 2019","KTEMPERLEY"
"105","Z0001926","01 Aug 2015","31 Dec 2600","-2","23 Jul 2019","KTEMPERLEY","23 Jul 2019","KTEMPERLEY"
"106","Z0001891","01 Aug 2015","31 Dec 2600","-2","23 Jul 2019","KTEMPERLEY","23 Jul 2019","KTEMPERLEY"
"107","Z0002041","01 Aug 2015","31 Dec 2600","-2","23 Jul 2019","KTEMPERLEY","23 Jul 2019","KTEMPERLEY"
"108","Z0001832","01 Aug 2015","31 Dec 2600","-2","23 Jul 2019","KTEMPERLEY","23 Jul 2019","KTEMPERLEY"
"109","Z0001842","01 Aug 2015","31 Dec 2600","-2","23 Jul 2019","KTEMPERLEY","23 Jul 2019","KTEMPERLEY"
"110","Z0001842","01 Aug 2015","31 Dec 2600","-2","23 Jul 2019","KTEMPERLEY","23 Jul 2019","KTEMPERLEY"
"111","Z0001849","01 Aug 2015","31 Dec 2600","-2","23 Jul 2019","KTEMPERLEY","23 Jul 2019","KTEMPERLEY"
"112","Z0001906","01 Aug 2015","31 Dec 2600","-2","23 Jul 2019","KTEMPERLEY","23 Jul 2019","KTEMPERLEY"
"114","Z0001940","01 Aug 2015","31 Dec 2600","-2","23 Jul 2019","KTEMPERLEY","23 Jul 2019","KTEMPERLEY"
"116","Z0001890","01 Aug 2015","31 Dec 2600","-2","23 Jul 2019","KTEMPERLEY","23 Jul 2019","KTEMPERLEY"
"117","Z0001974","01 Aug 2015","31 Dec 2600","-2","23 Jul 2019","KTEMPERLEY","23 Jul 2019","KTEMPERLEY"
"118","Z0001881","01 Aug 2015","31 Dec 2600","-2","23 Jul 2019","KTEMPERLEY","23 Jul 2019","KTEMPERLEY"
"119","Z0001831","01 Aug 2015","31 Dec 2600","-2","23 Jul 2019","KTEMPERLEY","23 Jul 2019","KTEMPERLEY"
"120","Z0001903","01 Aug 2015","31 Dec 2600","-2","23 Jul 2019","KTEMPERLEY","23 Jul 2019","KTEMPERLEY"
"121","Z0001842","01 Aug 2015","31 Dec 2600","-2","23 Jul 2019","KTEMPERLEY","23 Jul 2019","KTEMPERLEY"
"122","Z0001875","01 Aug 2015","31 Dec 2600","-2","23 Jul 2019","KTEMPERLEY","23 Jul 2019","KTEMPERLEY"
"123","Z0001942","01 Aug 2016","31 Dec 2600","-2","23 Jul 2019","KTEMPERLEY","23 Jul 2019","KTEMPERLEY"
"124","Z0001894","01 Aug 2016","31 Dec 2600","-2","23 Jul 2019","KTEMPERLEY","23 Jul 2019","KTEMPERLEY"
"125","Z0001844","01 Aug 2016","31 Dec 2600","-2","23 Jul 2019","KTEMPERLEY","23 Jul 2019","KTEMPERLEY"
"126","Z0001890","01 Aug 2016","31 Dec 2600","-2","23 Jul 2019","KTEMPERLEY","23 Jul 2019","KTEMPERLEY"
"127","Z0001940","01 Aug 2016","31 Dec 2600","-2","23 Jul 2019","KTEMPERLEY","23 Jul 2019","KTEMPERLEY"
"128","Z0001976","01 Aug 2016","31 Dec 2600","-2","23 Jul 2019","KTEMPERLEY","23 Jul 2019","KTEMPERLEY"
"129","Z0001901","01 Aug 2016","31 Dec 2600","-2","23 Jul 2019","KTEMPERLEY","23 Jul 2019","KTEMPERLEY"
"130","Z0001851","01 Aug 2016","31 Dec 2600","-2","23 Jul 2019","KTEMPERLEY","23 Jul 2019","KTEMPERLEY"
"131","Z0001901","01 Aug 2016","31 Dec 2600","-2","23 Jul 2019","KTEMPERLEY","23 Jul 2019","KTEMPERLEY"
"132","Z0001840","01 Aug 2016","31 Dec 2600","-2","23 Jul 2019","KTEMPERLEY","23 Jul 2019","KTEMPERLEY"
"133","Z0001924","01 Aug 2016","31 Dec 2600","-2","23 Jul 2019","KTEMPERLEY","23 Jul 2019","KTEMPERLEY"
"134","Z0001892","01 Aug 2016","31 Dec 2600","-2","23 Jul 2019","KTEMPERLEY","23 Jul 2019","KTEMPERLEY"
"135","Z0001892","01 Aug 2016","31 Dec 2600","-2","23 Jul 2019","KTEMPERLEY","23 Jul 2019","KTEMPERLEY"
"136","Z0001942","01 Aug 2016","31 Dec 2600","-2","23 Jul 2019","KTEMPERLEY","23 Jul 2019","KTEMPERLEY"
"137","Z0001841","01 Aug 2016","31 Dec 2600","-2","23 Jul 2019","KTEMPERLEY","23 Jul 2019","KTEMPERLEY"
"138","Z0001901","01 Aug 2016","31 Dec 2600","-2","23 Jul 2019","KTEMPERLEY","23 Jul 2019","KTEMPERLEY"
"139","Z0001901","01 Aug 2016","31 Dec 2600","-2","23 Jul 2019","KTEMPERLEY","23 Jul 2019","KTEMPERLEY"
"140","Z0001898","01 Aug 2016","31 Dec 2600","-2","23 Jul 2019","KTEMPERLEY","23 Jul 2019","KTEMPERLEY"
"141","Z0001840","01 Aug 2016","31 Dec 2600","-2","23 Jul 2019","KTEMPERLEY","23 Jul 2019","KTEMPERLEY"
"142","Z0001896","01 Aug 2016","31 Dec 2600","-2","23 Jul 2019","KTEMPERLEY","23 Jul 2019","KTEMPERLEY"
"143","Z0001924","01 Aug 2016","31 Dec 2600","-2","23 Jul 2019","KTEMPERLEY","23 Jul 2019","KTEMPERLEY"
"144","Z0002074","01 Aug 2016","31 Dec 2600","-2","23 Jul 2019","KTEMPERLEY","23 Jul 2019","KTEMPERLEY"
"145","Z0001837","01 Aug 2016","31 Dec 2600","-2","23 Jul 2019","KTEMPERLEY","23 Jul 2019","KTEMPERLEY"
"146","Z0001894","01 Aug 2016","31 Dec 2600","-2","23 Jul 2019","KTEMPERLEY","23 Jul 2019","KTEMPERLEY"
"147","Z0001948","01 Aug 2016","31 Dec 2600","-2","23 Jul 2019","KTEMPERLEY","23 Jul 2019","KTEMPERLEY"
"148","Z0001924","01 Aug 2016","31 Dec 2600","-2","23 Jul 2019","KTEMPERLEY","23 Jul 2019","KTEMPERLEY"
"149","Z0001992","01 Aug 2016","31 Dec 2600","-2","23 Jul 2019","KTEMPERLEY","23 Jul 2019","KTEMPERLEY"
"150","Z0001931","01 Aug 2016","31 Dec 2600","-2","23 Jul 2019","KTEMPERLEY","23 Jul 2019","KTEMPERLEY"
"151","Z0001881","01 Aug 2016","31 Dec 2600","-2","23 Jul 2019","KTEMPERLEY","23 Jul 2019","KTEMPERLEY"
"152","Z0001901","01 Aug 2016","31 Dec 2600","-2","23 Jul 2019","KTEMPERLEY","23 Jul 2019","KTEMPERLEY"
"153","Z0001974","01 Nov 2016","31 Dec 2600","-2","23 Jul 2019","KTEMPERLEY","23 Jul 2019","KTEMPERLEY"
"154","Z0001896","01 Nov 2016","31 Dec 2600","-2","23 Jul 2019","KTEMPERLEY","23 Jul 2019","KTEMPERLEY"
"155","Z0001896","01 Nov 2016","31 Dec 2600","-2","23 Jul 2019","KTEMPERLEY","23 Jul 2019","KTEMPERLEY"
"156","Z0001931","01 Aug 2016","31 Dec 2600","-2","23 Jul 2019","KTEMPERLEY","23 Jul 2019","KTEMPERLEY"
"157","Z0001850","01 Nov 2016","31 Dec 2600","-2","23 Jul 2019","KTEMPERLEY","23 Jul 2019","KTEMPERLEY"
"158","Z0001881","01 Nov 2016","31 Dec 2600","-2","23 Jul 2019","KTEMPERLEY","23 Jul 2019","KTEMPERLEY"
"159","Z0001905","01 Jan 2017","31 Dec 2600","-2","23 Jul 2019","KTEMPERLEY","23 Jul 2019","KTEMPERLEY"
"160","Z0001891","01 Feb 2017","31 Dec 2600","-2","23 Jul 2019","KTEMPERLEY","23 Jul 2019","KTEMPERLEY"
"161","Z0009082","01 Feb 2017","31 Dec 2600","-2","23 Jul 2019","KTEMPERLEY","23 Jul 2019","KTEMPERLEY"
"162","Z0001900","01 Feb 2017","31 Dec 2600","-2","23 Jul 2019","KTEMPERLEY","23 Jul 2019","KTEMPERLEY"
"163","Z0001991","01 Mar 2017","31 Dec 2600","-2","23 Jul 2019","KTEMPERLEY","23 Jul 2019","KTEMPERLEY"
"164","Z0001844","01 Mar 2017","31 Dec 2600","-2","23 Jul 2019","KTEMPERLEY","23 Jul 2019","KTEMPERLEY"
"165","Z0001946","01 Apr 2017","31 Dec 2600","-2","23 Jul 2019","KTEMPERLEY","23 Jul 2019","KTEMPERLEY"
"166","Z0009082","01 Apr 2017","31 Dec 2600","-2","23 Jul 2019","KTEMPERLEY","23 Jul 2019","KTEMPERLEY"
"167","Z0001890","01 Aug 2014","31 Dec 2600","-2","23 Jul 2019","KTEMPERLEY","23 Jul 2019","KTEMPERLEY"
"168","Z0002031","01 Apr 2017","31 Dec 2600","-2","23 Jul 2019","KTEMPERLEY","23 Jul 2019","KTEMPERLEY"
"169","Z0001901","01 Apr 2017","31 Dec 2600","-2","23 Jul 2019","KTEMPERLEY","23 Jul 2019","KTEMPERLEY"
"170","Z0002030","01 May 2017","31 Dec 2600","-2","23 Jul 2019","KTEMPERLEY","23 Jul 2019","KTEMPERLEY"
"171","Z0001840","01 May 2017","31 Dec 2600","-2","23 Jul 2019","KTEMPERLEY","23 Jul 2019","KTEMPERLEY"
"172","Z0001841","01 May 2017","31 Dec 2600","-2","23 Jul 2019","KTEMPERLEY","23 Jul 2019","KTEMPERLEY"
"173","Z0001894","01 May 2017","31 Dec 2600","-2","23 Jul 2019","KTEMPERLEY","23 Jul 2019","KTEMPERLEY"
"174","Z0001906","01 May 2017","31 Dec 2600","-2","23 Jul 2019","KTEMPERLEY","23 Jul 2019","KTEMPERLEY"
"175","Z0001841","01 May 2017","31 Dec 2600","-2","23 Jul 2019","KTEMPERLEY","23 Jul 2019","KTEMPERLEY"
"176","Z0001892","01 May 2017","31 Dec 2600","-2","23 Jul 2019","KTEMPERLEY","23 Jul 2019","KTEMPERLEY"
"177","Z0001841","01 Jun 2017","31 Dec 2600","-2","23 Jul 2019","KTEMPERLEY","23 Jul 2019","KTEMPERLEY"
"178","Z0001892","01 Jun 2017","31 Dec 2600","-2","23 Jul 2019","KTEMPERLEY","23 Jul 2019","KTEMPERLEY"
"179","Z0001888","01 Jun 2017","31 Dec 2600","-2","23 Jul 2019","KTEMPERLEY","23 Jul 2019","KTEMPERLEY"
"180","Z0001837","01 Jun 2017","31 Dec 2600","-2","23 Jul 2019","KTEMPERLEY","23 Jul 2019","KTEMPERLEY"
"181","Z0001837","01 Jun 2017","31 Dec 2600","-2","23 Jul 2019","KTEMPERLEY","23 Jul 2019","KTEMPERLEY"
"182","Z0001837","01 Jun 2017","31 Dec 2600","-2","23 Jul 2019","KTEMPERLEY","23 Jul 2019","KTEMPERLEY"
"183","Z0001891","01 Jun 2017","31 Dec 2600","-2","23 Jul 2019","KTEMPERLEY","23 Jul 2019","KTEMPERLEY"
"184","Z0002034","01 Jun 2017","31 Dec 2600","-2","23 Jul 2019","KTEMPERLEY","23 Jul 2019","KTEMPERLEY"
"185","Z0001894","01 Aug 2017","31 Dec 2600","-2","23 Jul 2019","KTEMPERLEY","23 Jul 2019","KTEMPERLEY"
"186","Z0001890","01 Aug 2017","31 Dec 2600","-2","23 Jul 2019","KTEMPERLEY","23 Jul 2019","KTEMPERLEY"
"187","Z0001891","01 Aug 2017","31 Dec 2600","-2","23 Jul 2019","KTEMPERLEY","23 Jul 2019","KTEMPERLEY"
"188","Z0001842","01 Aug 2017","31 Dec 2600","-2","23 Jul 2019","KTEMPERLEY","23 Jul 2019","KTEMPERLEY"
"189","Z0001842","01 Aug 2017","31 Dec 2600","-2","23 Jul 2019","KTEMPERLEY","23 Jul 2019","KTEMPERLEY"
"190","Z0002025","01 Aug 2017","31 Dec 2600","-2","23 Jul 2019","KTEMPERLEY","23 Jul 2019","KTEMPERLEY"
"191","Z0001925","01 Aug 2017","31 Dec 2600","-2","23 Jul 2019","KTEMPERLEY","23 Jul 2019","KTEMPERLEY"
"192","Z0001844","12 Sep 2017","31 Dec 2600","-2","23 Jul 2019","KTEMPERLEY","23 Jul 2019","KTEMPERLEY"
"193","Z0001894","12 Sep 2017","31 Dec 2600","-2","23 Jul 2019","KTEMPERLEY","23 Jul 2019","KTEMPERLEY"
"194","Z0001894","12 Sep 2017","31 Dec 2600","-2","23 Jul 2019","KTEMPERLEY","23 Jul 2019","KTEMPERLEY"
"195","Z0001894","18 Sep 2017","31 Dec 2600","-2","23 Jul 2019","KTEMPERLEY","23 Jul 2019","KTEMPERLEY"
"196","Z0001925","18 Sep 2017","31 Dec 2600","-2","23 Jul 2019","KTEMPERLEY","23 Jul 2019","KTEMPERLEY"
"197","Z0001891","26 Sep 2017","31 Dec 2600","-2","23 Jul 2019","KTEMPERLEY","23 Jul 2019","KTEMPERLEY"
"198","Z0002044","04 Oct 2017","31 Dec 2600","-2","23 Jul 2019","KTEMPERLEY","23 Jul 2019","KTEMPERLEY"
"199","Z0001894","04 Oct 2017","31 Dec 2600","-2","23 Jul 2019","KTEMPERLEY","23 Jul 2019","KTEMPERLEY"
"200","Z0002044","04 Oct 2017","31 Dec 2600","-2","23 Jul 2019","KTEMPERLEY","23 Jul 2019","KTEMPERLEY"
"201","Z0009082","16 Oct 2017","31 Dec 2600","-2","23 Jul 2019","KTEMPERLEY","23 Jul 2019","KTEMPERLEY"
"202","Z0001890","16 Oct 2017","31 Dec 2600","-2","23 Jul 2019","KTEMPERLEY","23 Jul 2019","KTEMPERLEY"
"203","Z0002070","19 Oct 2017","31 Dec 2600","-2","23 Jul 2019","KTEMPERLEY","23 Jul 2019","KTEMPERLEY"
"204","Z0009116","07 Nov 2017","31 Dec 2600","-2","23 Jul 2019","KTEMPERLEY","23 Jul 2019","KTEMPERLEY"
"205","Z0002074","07 Nov 2017","31 Dec 2600","-2","23 Jul 2019","KTEMPERLEY","23 Jul 2019","KTEMPERLEY"
"206","Z0001842","14 Nov 2017","31 Dec 2600","-2","23 Jul 2019","KTEMPERLEY","23 Jul 2019","KTEMPERLEY"
"207","Z0002041","20 Nov 2017","31 Dec 2600","-2","23 Jul 2019","KTEMPERLEY","23 Jul 2019","KTEMPERLEY"
"208","Z0001981","20 Nov 2017","31 Dec 2600","-2","23 Jul 2019","KTEMPERLEY","23 Jul 2019","KTEMPERLEY"
"209","Z0001899","24 Nov 2017","31 Dec 2600","-2","23 Jul 2019","KTEMPERLEY","23 Jul 2019","KTEMPERLEY"
"210","Z0001892","04 Dec 2017","31 Dec 2600","-2","23 Jul 2019","KTEMPERLEY","23 Jul 2019","KTEMPERLEY"
"211","Z0001978","06 Dec 2017","31 Dec 2600","-2","23 Jul 2019","KTEMPERLEY","23 Jul 2019","KTEMPERLEY"
"212","Z0001890","06 Dec 2017","31 Dec 2600","-2","23 Jul 2019","KTEMPERLEY","23 Jul 2019","KTEMPERLEY"
"213","Z0002074","06 Dec 2017","31 Dec 2600","-2","23 Jul 2019","KTEMPERLEY","23 Jul 2019","KTEMPERLEY"
"214","Z0001942","20 Dec 2017","31 Dec 2600","-2","23 Jul 2019","KTEMPERLEY","23 Jul 2019","KTEMPERLEY"
"215","Z0001852","15 Dec 2017","31 Dec 2600","-2","23 Jul 2019","KTEMPERLEY","23 Jul 2019","KTEMPERLEY"
"216","Z0001940","20 Dec 2017","31 Dec 2600","-2","23 Jul 2019","KTEMPERLEY","23 Jul 2019","KTEMPERLEY"
"217","Z0001925","20 Dec 2017","31 Dec 2600","-2","23 Jul 2019","KTEMPERLEY","23 Jul 2019","KTEMPERLEY"
"218","Z0001875","20 Dec 2017","31 Dec 2600","-2","23 Jul 2019","KTEMPERLEY","23 Jul 2019","KTEMPERLEY"
"219","Z0001844","01 Dec 2017","31 Dec 2600","-2","23 Jul 2019","KTEMPERLEY","23 Jul 2019","KTEMPERLEY"
"220","Z0001942","27 Dec 2017","31 Dec 2600","-2","23 Jul 2019","KTEMPERLEY","23 Jul 2019","KTEMPERLEY"
"221","Z0002041","03 Jan 2018","31 Dec 2600","-2","23 Jul 2019","KTEMPERLEY","23 Jul 2019","KTEMPERLEY"
"222","Z0001974","22 Dec 2017","31 Dec 2600","-2","23 Jul 2019","KTEMPERLEY","23 Jul 2019","KTEMPERLEY"
"223","Z0001951","10 Jan 2018","31 Dec 2600","-2","23 Jul 2019","KTEMPERLEY","23 Jul 2019","KTEMPERLEY"
"224","Z0001890","16 Jan 2018","31 Dec 2600","-2","23 Jul 2019","KTEMPERLEY","23 Jul 2019","KTEMPERLEY"
"225","Z0001894","19 Jan 2018","31 Dec 2600","-2","23 Jul 2019","KTEMPERLEY","23 Jul 2019","KTEMPERLEY"
"226","Z0001890","19 Jan 2018","31 Dec 2600","-2","23 Jul 2019","KTEMPERLEY","23 Jul 2019","KTEMPERLEY"
"227","Z0001840","22 Jan 2018","31 Dec 2600","-2","23 Jul 2019","KTEMPERLEY","23 Jul 2019","KTEMPERLEY"
"228","Z0001926","26 Jan 2018","31 Dec 2600","-2","23 Jul 2019","KTEMPERLEY","23 Jul 2019","KTEMPERLEY"
"229","Z0001905","26 Jan 2018","31 Dec 2600","-2","23 Jul 2019","KTEMPERLEY","23 Jul 2019","KTEMPERLEY"
"230","Z0001844","26 Jan 2018","31 Dec 2600","-2","23 Jul 2019","KTEMPERLEY","23 Jul 2019","KTEMPERLEY"
"231","Z0001975","02 Feb 2018","31 Dec 2600","-2","23 Jul 2019","KTEMPERLEY","23 Jul 2019","KTEMPERLEY"
"232","Z0001975","05 Feb 2018","31 Dec 2600","-2","23 Jul 2019","KTEMPERLEY","23 Jul 2019","KTEMPERLEY"
"233","Z0001894","09 Feb 2018","31 Dec 2600","-2","23 Jul 2019","KTEMPERLEY","23 Jul 2019","KTEMPERLEY"
"234","Z0001844","21 Feb 2018","31 Dec 2600","-2","23 Jul 2019","KTEMPERLEY","23 Jul 2019","KTEMPERLEY"
"235","Z0001905","19 Feb 2018","31 Dec 2600","-2","23 Jul 2019","KTEMPERLEY","23 Jul 2019","KTEMPERLEY"
"236","Z0009118","27 Feb 2018","31 Dec 2600","-2","23 Jul 2019","KTEMPERLEY","23 Jul 2019","KTEMPERLEY"
"237","Z0001940","27 Feb 2018","31 Dec 2600","-2","23 Jul 2019","KTEMPERLEY","23 Jul 2019","KTEMPERLEY"
"238","Z0001890","27 Feb 2018","31 Dec 2600","-2","23 Jul 2019","KTEMPERLEY","23 Jul 2019","KTEMPERLEY"
"239","Z0001844","27 Feb 2018","31 Dec 2600","-2","23 Jul 2019","KTEMPERLEY","23 Jul 2019","KTEMPERLEY"
"240","Z0001894","27 Feb 2018","31 Dec 2600","-2","23 Jul 2019","KTEMPERLEY","23 Jul 2019","KTEMPERLEY"
"241","Z0001882","27 Feb 2018","31 Dec 2600","-2","23 Jul 2019","KTEMPERLEY","23 Jul 2019","KTEMPERLEY"
"242","Z0001975","27 Feb 2018","31 Dec 2600","-2","23 Jul 2019","KTEMPERLEY","23 Jul 2019","KTEMPERLEY"
"243","Z0001980","27 Feb 2018","31 Dec 2600","-2","23 Jul 2019","KTEMPERLEY","23 Jul 2019","KTEMPERLEY"
"244","Z0001894","27 Feb 2018","31 Dec 2600","-2","23 Jul 2019","KTEMPERLEY","23 Jul 2019","KTEMPERLEY"
"245","Z0002040","27 Feb 2018","31 Dec 2600","-2","23 Jul 2019","KTEMPERLEY","23 Jul 2019","KTEMPERLEY"
"246","Z0001842","27 Feb 2018","31 Dec 2600","-2","23 Jul 2019","KTEMPERLEY","23 Jul 2019","KTEMPERLEY"
"247","Z0001831","27 Feb 2018","31 Dec 2600","-2","23 Jul 2019","KTEMPERLEY","23 Jul 2019","KTEMPERLEY"
"248","Z0002041","27 Feb 2018","31 Dec 2600","-2","23 Jul 2019","KTEMPERLEY","23 Jul 2019","KTEMPERLEY"
"249","Z0001841","27 Feb 2018","31 Dec 2600","-2","23 Jul 2019","KTEMPERLEY","23 Jul 2019","KTEMPERLEY"
"250","Z0001882","27 Feb 2018","31 Dec 2600","-2","23 Jul 2019","KTEMPERLEY","23 Jul 2019","KTEMPERLEY"
"251","Z0001902","09 Mar 2018","31 Dec 2600","-2","23 Jul 2019","KTEMPERLEY","23 Jul 2019","KTEMPERLEY"
"252","Z0009072","27 Mar 2018","31 Dec 2600","-2","23 Jul 2019","KTEMPERLEY","23 Jul 2019","KTEMPERLEY"
"253","Z0001932","27 Mar 2018","31 Dec 2600","-2","23 Jul 2019","KTEMPERLEY","23 Jul 2019","KTEMPERLEY"
"254","Z0002045","27 Mar 2018","31 Dec 2600","-2","23 Jul 2019","KTEMPERLEY","23 Jul 2019","KTEMPERLEY"
"255","Z0009116","27 Mar 2018","31 Dec 2600","-2","23 Jul 2019","KTEMPERLEY","23 Jul 2019","KTEMPERLEY"
"256","Z0002032","27 Mar 2018","31 Dec 2600","-2","23 Jul 2019","KTEMPERLEY","23 Jul 2019","KTEMPERLEY"
"257","Z0001976","27 Mar 2018","31 Dec 2600","-2","23 Jul 2019","KTEMPERLEY","23 Jul 2019","KTEMPERLEY"
"258","Z0002050","27 Mar 2018","31 Dec 2600","-2","23 Jul 2019","KTEMPERLEY","23 Jul 2019","KTEMPERLEY"
"259","Z0001944","27 Mar 2018","31 Dec 2600","-2","23 Jul 2019","KTEMPERLEY","23 Jul 2019","KTEMPERLEY"
"260","Z0001894","29 Mar 2018","31 Dec 2600","-2","23 Jul 2019","KTEMPERLEY","23 Jul 2019","KTEMPERLEY"
"261","Z0001848","10 Apr 2018","31 Dec 2600","-2","23 Jul 2019","KTEMPERLEY","23 Jul 2019","KTEMPERLEY"
"262","Z0001882","12 Apr 2018","31 Dec 2600","-2","23 Jul 2019","KTEMPERLEY","23 Jul 2019","KTEMPERLEY"
"263","Z0001838","13 Apr 2018","31 Dec 2600","-2","23 Jul 2019","KTEMPERLEY","23 Jul 2019","KTEMPERLEY"
"264","Z0001899","20 Apr 2018","31 Dec 2600","-2","23 Jul 2019","KTEMPERLEY","23 Jul 2019","KTEMPERLEY"
"265","Z0001942","25 May 2018","31 Dec 2600","-2","23 Jul 2019","KTEMPERLEY","23 Jul 2019","KTEMPERLEY"
"266","Z0001950","03 May 2018","31 Dec 2600","-2","23 Jul 2019","KTEMPERLEY","23 Jul 2019","KTEMPERLEY"
"267","Z0001841","03 May 2018","31 Dec 2600","-2","23 Jul 2019","KTEMPERLEY","23 Jul 2019","KTEMPERLEY"
"268","Z0001836","08 May 2018","31 Dec 2600","-2","23 Jul 2019","KTEMPERLEY","23 Jul 2019","KTEMPERLEY"
"269","Z0001882","08 May 2018","31 Dec 2600","-2","23 Jul 2019","KTEMPERLEY","23 Jul 2019","KTEMPERLEY"
"270","Z0009116","08 May 2018","31 Dec 2600","-2","23 Jul 2019","KTEMPERLEY","23 Jul 2019","KTEMPERLEY"
"271","Z0001891","08 May 2018","31 Dec 2600","-2","23 Jul 2019","KTEMPERLEY","23 Jul 2019","KTEMPERLEY"
"272","Z0009112","08 May 2018","31 Dec 2600","-2","23 Jul 2019","KTEMPERLEY","23 Jul 2019","KTEMPERLEY"
"273","Z0001844","08 May 2018","31 Dec 2600","-2","23 Jul 2019","KTEMPERLEY","23 Jul 2019","KTEMPERLEY"
"274","Z0001836","08 May 2018","31 Dec 2600","-2","23 Jul 2019","KTEMPERLEY","23 Jul 2019","KTEMPERLEY"
"275","Z0001944","08 May 2018","31 Dec 2600","-2","23 Jul 2019","KTEMPERLEY","23 Jul 2019","KTEMPERLEY"
"276","Z0002044","08 May 2018","31 Dec 2600","-2","23 Jul 2019","KTEMPERLEY","23 Jul 2019","KTEMPERLEY"
"277","Z0002040","09 May 2018","31 Dec 2600","-2","23 Jul 2019","KTEMPERLEY","23 Jul 2019","KTEMPERLEY"
"278","Z0001898","10 May 2018","31 Dec 2600","-2","23 Jul 2019","KTEMPERLEY","23 Jul 2019","KTEMPERLEY"
"279","Z0001851","10 May 2018","31 Dec 2600","-2","23 Jul 2019","KTEMPERLEY","23 Jul 2019","KTEMPERLEY"
"280","Z0001907","09 May 2018","31 Dec 2600","-2","23 Jul 2019","KTEMPERLEY","23 Jul 2019","KTEMPERLEY"
"281","Z0002030","14 May 2018","31 Dec 2600","-2","23 Jul 2019","KTEMPERLEY","23 Jul 2019","KTEMPERLEY"
"282","Z0001932","17 May 2018","31 Dec 2600","-2","23 Jul 2019","KTEMPERLEY","23 Jul 2019","KTEMPERLEY"
"283","Z0001842","24 May 2018","31 Dec 2600","-2","23 Jul 2019","KTEMPERLEY","23 Jul 2019","KTEMPERLEY"
"284","Z0001836","06 Jun 2018","31 Dec 2600","-2","23 Jul 2019","KTEMPERLEY","23 Jul 2019","KTEMPERLEY"
"285","Z0001892","13 Jun 2018","31 Dec 2600","-2","23 Jul 2019","KTEMPERLEY","23 Jul 2019","KTEMPERLEY"
"286","Z0001925","13 Jun 2018","31 Dec 2600","-2","23 Jul 2019","KTEMPERLEY","23 Jul 2019","KTEMPERLEY"
"287","Z0001844","22 Jun 2018","31 Dec 2600","-2","23 Jul 2019","KTEMPERLEY","23 Jul 2019","KTEMPERLEY"
"288","Z0001894","22 Jun 2018","31 Dec 2600","-2","23 Jul 2019","KTEMPERLEY","23 Jul 2019","KTEMPERLEY"
"289","Z0001841","21 Jun 2018","31 Dec 2600","-2","23 Jul 2019","KTEMPERLEY","23 Jul 2019","KTEMPERLEY"
"290","Z0001844","22 Jun 2018","31 Dec 2600","-2","23 Jul 2019","KTEMPERLEY","23 Jul 2019","KTEMPERLEY"
"291","Z0002076","22 Jun 2018","31 Dec 2600","-2","23 Jul 2019","KTEMPERLEY","23 Jul 2019","KTEMPERLEY"
"292","Z0001992","22 Jun 2018","31 Dec 2600","-2","23 Jul 2019","KTEMPERLEY","23 Jul 2019","KTEMPERLEY"
"293","Z0002077","22 Jun 2018","31 Dec 2600","-2","23 Jul 2019","KTEMPERLEY","23 Jul 2019","KTEMPERLEY"
"294","Z0001941","22 Jun 2018","31 Dec 2600","-2","23 Jul 2019","KTEMPERLEY","23 Jul 2019","KTEMPERLEY"
"295","Z0001974","22 Jun 2018","31 Dec 2600","-2","23 Jul 2019","KTEMPERLEY","23 Jul 2019","KTEMPERLEY"
"296","Z0001850","22 Jun 2018","31 Dec 2600","-2","23 Jul 2019","KTEMPERLEY","23 Jul 2019","KTEMPERLEY"
"297","Z0001921","26 Jun 2018","31 Dec 2600","-2","23 Jul 2019","KTEMPERLEY","23 Jul 2019","KTEMPERLEY"
"298","Z0001882","26 Jun 2018","31 Dec 2600","-2","23 Jul 2019","KTEMPERLEY","23 Jul 2019","KTEMPERLEY"
"299","Z0002043","27 Jun 2018","31 Dec 2600","-2","23 Jul 2019","KTEMPERLEY","23 Jul 2019","KTEMPERLEY"
"300","Z0009085","27 Jun 2018","31 Dec 2600","-2","23 Jul 2019","KTEMPERLEY","23 Jul 2019","KTEMPERLEY"
"301","Z0009082","27 Jun 2018","31 Dec 2600","-2","23 Jul 2019","KTEMPERLEY","23 Jul 2019","KTEMPERLEY"
"302","Z0002041","27 Jun 2018","31 Dec 2600","-2","23 Jul 2019","KTEMPERLEY","23 Jul 2019","KTEMPERLEY"
"303","Z0001894","29 Jun 2018","31 Dec 2600","-2","23 Jul 2019","KTEMPERLEY","23 Jul 2019","KTEMPERLEY"
"304","Z0001891","28 Jun 2018","31 Dec 2600","-2","23 Jul 2019","KTEMPERLEY","23 Jul 2019","KTEMPERLEY"
"305","Z0001903","28 Jun 2018","31 Dec 2600","-2","23 Jul 2019","KTEMPERLEY","23 Jul 2019","KTEMPERLEY"
"306","Z0002030","28 Jun 2018","31 Dec 2600","-2","23 Jul 2019","KTEMPERLEY","23 Jul 2019","KTEMPERLEY"
"307","Z0002029","28 Jun 2018","31 Dec 2600","-2","23 Jul 2019","KTEMPERLEY","23 Jul 2019","KTEMPERLEY"
"308","Z0001981","29 Jun 2018","31 Dec 2600","-2","23 Jul 2019","KTEMPERLEY","23 Jul 2019","KTEMPERLEY"
"309","Z0001931","29 Jun 2018","31 Dec 2600","-2","23 Jul 2019","KTEMPERLEY","23 Jul 2019","KTEMPERLEY"
"310","Z0001850","11 Jul 2018","31 Dec 2600","-2","23 Jul 2019","KTEMPERLEY","23 Jul 2019","KTEMPERLEY"
"311","Z0002077","26 Jun 2018","31 Dec 2600","-2","23 Jul 2019","KTEMPERLEY","23 Jul 2019","KTEMPERLEY"
"312","Z0001844","22 Jun 2018","31 Dec 2600","-2","23 Jul 2019","KTEMPERLEY","23 Jul 2019","KTEMPERLEY"
"313","Z0002042","13 Jul 2018","31 Dec 2600","-2","23 Jul 2019","KTEMPERLEY","23 Jul 2019","KTEMPERLEY"
"314","Z0001886","19 Jul 2018","31 Dec 2600","-2","23 Jul 2019","KTEMPERLEY","23 Jul 2019","KTEMPERLEY"
"315","Z0001890","31 Jul 2018","31 Dec 2600","-2","23 Jul 2019","KTEMPERLEY","23 Jul 2019","KTEMPERLEY"
"316","Z0001840","07 Aug 2018","31 Dec 2600","-2","23 Jul 2019","KTEMPERLEY","23 Jul 2019","KTEMPERLEY"
"317","Z0001991","07 Aug 2018","31 Dec 2600","-2","23 Jul 2019","KTEMPERLEY","23 Jul 2019","KTEMPERLEY"
"318","Z0002030","08 Aug 2018","31 Dec 2600","-2","23 Jul 2019","KTEMPERLEY","23 Jul 2019","KTEMPERLEY"
"319","Z0001984","07 Aug 2018","31 Dec 2600","-2","23 Jul 2019","KTEMPERLEY","23 Jul 2019","KTEMPERLEY"
"320","Z0001932","07 Aug 2018","31 Dec 2600","-2","23 Jul 2019","KTEMPERLEY","23 Jul 2019","KTEMPERLEY"
"321","Z0001902","08 Aug 2018","31 Dec 2600","-2","23 Jul 2019","KTEMPERLEY","23 Jul 2019","KTEMPERLEY"
"322","Z0001892","07 Aug 2018","31 Dec 2600","-2","23 Jul 2019","KTEMPERLEY","23 Jul 2019","KTEMPERLEY"
"323","Z0002065","08 Aug 2018","31 Dec 2600","-2","23 Jul 2019","KTEMPERLEY","23 Jul 2019","KTEMPERLEY"
"324","Z0009118","08 Aug 2018","31 Dec 2600","-2","23 Jul 2019","KTEMPERLEY","23 Jul 2019","KTEMPERLEY"
"325","Z0002020","08 Aug 2018","31 Dec 2600","-2","23 Jul 2019","KTEMPERLEY","23 Jul 2019","KTEMPERLEY"
"326","Z0001920","08 Aug 2018","31 Dec 2600","-2","23 Jul 2019","KTEMPERLEY","23 Jul 2019","KTEMPERLEY"
"327","Z0009088","07 Aug 2018","31 Dec 2600","-2","23 Jul 2019","KTEMPERLEY","23 Jul 2019","KTEMPERLEY"
"328","Z0002040","08 Aug 2018","31 Dec 2600","-2","23 Jul 2019","KTEMPERLEY","23 Jul 2019","KTEMPERLEY"
"329","Z0001844","08 Aug 2018","31 Dec 2600","-2","23 Jul 2019","KTEMPERLEY","23 Jul 2019","KTEMPERLEY"
"330","Z0001841","08 Aug 2018","31 Dec 2600","-2","23 Jul 2019","KTEMPERLEY","23 Jul 2019","KTEMPERLEY"
"331","Z0001891","08 Aug 2018","31 Dec 2600","-2","23 Jul 2019","KTEMPERLEY","23 Jul 2019","KTEMPERLEY"
"332","Z0001838","08 Aug 2018","31 Dec 2600","-2","23 Jul 2019","KTEMPERLEY","23 Jul 2019","KTEMPERLEY"
"333","Z0001888","08 Aug 2018","31 Dec 2600","-2","23 Jul 2019","KTEMPERLEY","23 Jul 2019","KTEMPERLEY"
"334","Z0001856","08 Aug 2018","31 Dec 2600","-2","23 Jul 2019","KTEMPERLEY","23 Jul 2019","KTEMPERLEY"
"335","Z0001888","07 Aug 2018","31 Dec 2600","-2","23 Jul 2019","KTEMPERLEY","23 Jul 2019","KTEMPERLEY"
"336","Z0001844","10 Aug 2018","31 Dec 2600","-2","23 Jul 2019","KTEMPERLEY","23 Jul 2019","KTEMPERLEY"
"337","Z0002046","17 Aug 2018","31 Dec 2600","-2","23 Jul 2019","KTEMPERLEY","23 Jul 2019","KTEMPERLEY"
"338","Z0001849","17 Aug 2018","31 Dec 2600","-2","23 Jul 2019","KTEMPERLEY","23 Jul 2019","KTEMPERLEY"
"339","Z0001842","22 Aug 2018","31 Dec 2600","-2","23 Jul 2019","KTEMPERLEY","23 Jul 2019","KTEMPERLEY"
"340","Z0001929","22 Aug 2018","31 Dec 2600","-2","23 Jul 2019","KTEMPERLEY","23 Jul 2019","KTEMPERLEY"
"341","Z0001890","23 Aug 2018","31 Dec 2600","-2","23 Jul 2019","KTEMPERLEY","23 Jul 2019","KTEMPERLEY"
"342","Z0001940","05 Sep 2018","31 Dec 2600","-2","23 Jul 2019","KTEMPERLEY","23 Jul 2019","KTEMPERLEY"
"343","Z0001844","12 Sep 2018","31 Dec 2600","-2","23 Jul 2019","KTEMPERLEY","23 Jul 2019","KTEMPERLEY"
"344","Z0001838","13 Sep 2018","31 Dec 2600","-2","23 Jul 2019","KTEMPERLEY","23 Jul 2019","KTEMPERLEY"
"345","Z0001990","24 Sep 2018","31 Dec 2600","-2","23 Jul 2019","KTEMPERLEY","23 Jul 2019","KTEMPERLEY"
"346","Z0009082","24 Sep 2018","31 Dec 2600","-2","23 Jul 2019","KTEMPERLEY","23 Jul 2019","KTEMPERLEY"
"347","Z0001892","24 Sep 2018","31 Dec 2600","-2","23 Jul 2019","KTEMPERLEY","23 Jul 2019","KTEMPERLEY"
"348","Z0002077","24 Sep 2018","31 Dec 2600","-2","23 Jul 2019","KTEMPERLEY","23 Jul 2019","KTEMPERLEY"
"349","Z0001977","24 Sep 2018","31 Dec 2600","-2","23 Jul 2019","KTEMPERLEY","23 Jul 2019","KTEMPERLEY"
"350","Z0001842","24 Sep 2018","31 Dec 2600","-2","23 Jul 2019","KTEMPERLEY","23 Jul 2019","KTEMPERLEY"
"351","Z0001902","24 Sep 2018","31 Dec 2600","-2","23 Jul 2019","KTEMPERLEY","23 Jul 2019","KTEMPERLEY"
"352","Z0001840","24 Sep 2018","31 Dec 2600","-2","23 Jul 2019","KTEMPERLEY","23 Jul 2019","KTEMPERLEY"
"353","Z0001840","24 Sep 2018","31 Dec 2600","-2","23 Jul 2019","KTEMPERLEY","23 Jul 2019","KTEMPERLEY"
"354","Z0002040","24 Sep 2018","31 Dec 2600","-2","23 Jul 2019","KTEMPERLEY","23 Jul 2019","KTEMPERLEY"
"355","Z0002046","24 Sep 2018","31 Dec 2600","-2","23 Jul 2019","KTEMPERLEY","23 Jul 2019","KTEMPERLEY"
"356","Z0001844","24 Sep 2018","31 Dec 2600","-2","23 Jul 2019","KTEMPERLEY","23 Jul 2019","KTEMPERLEY"
"357","Z0001840","27 Sep 2018","31 Dec 2600","-2","23 Jul 2019","KTEMPERLEY","23 Jul 2019","KTEMPERLEY"
"358","Z0001844","27 Sep 2018","31 Dec 2600","-2","23 Jul 2019","KTEMPERLEY","23 Jul 2019","KTEMPERLEY"
"359","Z0001955","04 Oct 2018","31 Dec 2600","-2","23 Jul 2019","KTEMPERLEY","23 Jul 2019","KTEMPERLEY"
"360","Z0001842","05 Oct 2018","31 Dec 2600","-2","23 Jul 2019","KTEMPERLEY","23 Jul 2019","KTEMPERLEY"
"361","Z0001905","05 Oct 2018","31 Dec 2600","-2","23 Jul 2019","KTEMPERLEY","23 Jul 2019","KTEMPERLEY"
"362","Z0001840","05 Oct 2018","31 Dec 2600","-2","23 Jul 2019","KTEMPERLEY","23 Jul 2019","KTEMPERLEY"
"363","Z0001850","11 Oct 2018","31 Dec 2600","-2","23 Jul 2019","KTEMPERLEY","23 Jul 2019","KTEMPERLEY"
"364","Z0001851","11 Oct 2018","31 Dec 2600","-2","23 Jul 2019","KTEMPERLEY","23 Jul 2019","KTEMPERLEY"
"365","Z0001890","11 Oct 2018","31 Dec 2600","-2","23 Jul 2019","KTEMPERLEY","23 Jul 2019","KTEMPERLEY"
"366","Z0001840","17 Oct 2018","31 Dec 2600","-2","23 Jul 2019","KTEMPERLEY","23 Jul 2019","KTEMPERLEY"
"367","Z0001882","22 Oct 2018","31 Dec 2600","-2","23 Jul 2019","KTEMPERLEY","23 Jul 2019","KTEMPERLEY"
"368","Z0002030","31 Oct 2018","31 Dec 2600","-2","23 Jul 2019","KTEMPERLEY","23 Jul 2019","KTEMPERLEY"
"369","Z0001977","02 Nov 2018","31 Dec 2600","-2","23 Jul 2019","KTEMPERLEY","23 Jul 2019","KTEMPERLEY"
"370","Z0001880","07 Nov 2018","31 Dec 2600","-2","23 Jul 2019","KTEMPERLEY","23 Jul 2019","KTEMPERLEY"
"371","Z0009120","08 Nov 2018","31 Dec 2600","-2","23 Jul 2019","KTEMPERLEY","23 Jul 2019","KTEMPERLEY"
"372","Z0001844","08 Nov 2018","31 Dec 2600","-2","23 Jul 2019","KTEMPERLEY","23 Jul 2019","KTEMPERLEY"
"373","Z0001906","08 Nov 2018","31 Dec 2600","-2","23 Jul 2019","KTEMPERLEY","23 Jul 2019","KTEMPERLEY"
"374","Z0001839","08 Nov 2018","31 Dec 2600","-2","23 Jul 2019","KTEMPERLEY","23 Jul 2019","KTEMPERLEY"
"375","Z0002026","08 Nov 2018","31 Dec 2600","-2","23 Jul 2019","KTEMPERLEY","23 Jul 2019","KTEMPERLEY"
"376","Z0001890","08 Nov 2018","31 Dec 2600","-2","23 Jul 2019","KTEMPERLEY","23 Jul 2019","KTEMPERLEY"
"377","Z0001890","20 Nov 2018","31 Dec 2600","-2","23 Jul 2019","KTEMPERLEY","23 Jul 2019","KTEMPERLEY"
"378","Z0001840","22 Nov 2018","31 Dec 2600","-2","23 Jul 2019","KTEMPERLEY","23 Jul 2019","KTEMPERLEY"
"379","Z0001938","22 Nov 2018","31 Dec 2600","-2","23 Jul 2019","KTEMPERLEY","23 Jul 2019","KTEMPERLEY"
"380","Z0001844","23 Nov 2018","31 Dec 2600","-2","23 Jul 2019","KTEMPERLEY","23 Jul 2019","KTEMPERLEY"
"381","Z0002031","30 Nov 2018","31 Dec 2600","-2","23 Jul 2019","KTEMPERLEY","23 Jul 2019","KTEMPERLEY"
"382","Z0001932","30 Nov 2018","31 Dec 2600","-2","23 Jul 2019","KTEMPERLEY","23 Jul 2019","KTEMPERLEY"
"383","Z0001905","30 Nov 2018","31 Dec 2600","-2","23 Jul 2019","KTEMPERLEY","23 Jul 2019","KTEMPERLEY"
"384","Z0002048","30 Nov 2018","31 Dec 2600","-2","23 Jul 2019","KTEMPERLEY","23 Jul 2019","KTEMPERLEY"
"385","Z0001875","04 Dec 2018","31 Dec 2600","-2","23 Jul 2019","KTEMPERLEY","23 Jul 2019","KTEMPERLEY"
"386","Z0001892","04 Dec 2018","31 Dec 2600","-2","23 Jul 2019","KTEMPERLEY","23 Jul 2019","KTEMPERLEY"
"387","Z0002030","05 Dec 2018","31 Dec 2600","-2","23 Jul 2019","KTEMPERLEY","23 Jul 2019","KTEMPERLEY"
"388","Z0001844","07 Dec 2018","31 Dec 2600","-2","23 Jul 2019","KTEMPERLEY","23 Jul 2019","KTEMPERLEY"
"389","Z0001850","07 Dec 2018","31 Dec 2600","-2","23 Jul 2019","KTEMPERLEY","23 Jul 2019","KTEMPERLEY"
"390","Z0001850","07 Dec 2018","31 Dec 2600","-2","23 Jul 2019","KTEMPERLEY","23 Jul 2019","KTEMPERLEY"
"391","Z0002030","07 Dec 2018","31 Dec 2600","-2","23 Jul 2019","KTEMPERLEY","23 Jul 2019","KTEMPERLEY"
"392","Z0001887","12 Dec 2018","31 Dec 2600","-2","23 Jul 2019","KTEMPERLEY","23 Jul 2019","KTEMPERLEY"
"393","Z0001841","14 Dec 2018","31 Dec 2600","-2","23 Jul 2019","KTEMPERLEY","23 Jul 2019","KTEMPERLEY"
"394","Z0001842","17 Dec 2018","31 Dec 2600","-2","23 Jul 2019","KTEMPERLEY","23 Jul 2019","KTEMPERLEY"
"395","Z0001906","21 Dec 2018","31 Dec 2600","-2","23 Jul 2019","KTEMPERLEY","23 Jul 2019","KTEMPERLEY"
"396","Z0001831","18 Dec 2018","31 Dec 2600","-2","23 Jul 2019","KTEMPERLEY","23 Jul 2019","KTEMPERLEY"
"397","Z0002030","18 Dec 2018","31 Dec 2600","-2","23 Jul 2019","KTEMPERLEY","23 Jul 2019","KTEMPERLEY"
"398","Z0002049","24 Dec 2018","31 Dec 2600","-2","23 Jul 2019","KTEMPERLEY","23 Jul 2019","KTEMPERLEY"
"399","Z0001891","18 Jan 2019","31 Dec 2600","-2","23 Jul 2019","KTEMPERLEY","23 Jul 2019","KTEMPERLEY"
"400","Z0001926","29 Jan 2019","31 Dec 2600","-2","23 Jul 2019","KTEMPERLEY","23 Jul 2019","KTEMPERLEY"
"401","Z0001970","29 Jan 2019","31 Dec 2600","-2","23 Jul 2019","KTEMPERLEY","23 Jul 2019","KTEMPERLEY"
"402","Z0002020","29 Jan 2019","31 Dec 2600","-2","23 Jul 2019","KTEMPERLEY","23 Jul 2019","KTEMPERLEY"
"403","Z0001920","29 Jan 2019","31 Dec 2600","-2","23 Jul 2019","KTEMPERLEY","23 Jul 2019","KTEMPERLEY"
"404","Z0001890","29 Jan 2019","31 Dec 2600","-2","23 Jul 2019","KTEMPERLEY","23 Jul 2019","KTEMPERLEY"
"405","Z0002076","29 Jan 2019","31 Dec 2600","-2","23 Jul 2019","KTEMPERLEY","23 Jul 2019","KTEMPERLEY"
"406","Z0009076","29 Jan 2019","31 Dec 2600","-2","23 Jul 2019","KTEMPERLEY","23 Jul 2019","KTEMPERLEY"
"407","Z0001905","14 Feb 2019","31 Dec 2600","-2","23 Jul 2019","KTEMPERLEY","23 Jul 2019","KTEMPERLEY"
"408","Z0001905","15 Feb 2019","31 Dec 2600","-2","23 Jul 2019","KTEMPERLEY","23 Jul 2019","KTEMPERLEY"
"409","Z0002030","13 Feb 2019","31 Dec 2600","-2","23 Jul 2019","KTEMPERLEY","23 Jul 2019","KTEMPERLEY"
"410","Z0002042","18 Feb 2019","31 Dec 2600","-2","23 Jul 2019","KTEMPERLEY","23 Jul 2019","KTEMPERLEY"
"411","Z0001900","18 Feb 2019","31 Dec 2600","-2","23 Jul 2019","KTEMPERLEY","23 Jul 2019","KTEMPERLEY"
"412","Z0001850","18 Feb 2019","31 Dec 2600","-2","23 Jul 2019","KTEMPERLEY","23 Jul 2019","KTEMPERLEY"
"413","Z0001896","18 Feb 2019","31 Dec 2600","-2","23 Jul 2019","KTEMPERLEY","23 Jul 2019","KTEMPERLEY"
"414","Z0001852","18 Feb 2019","31 Dec 2600","-2","23 Jul 2019","KTEMPERLEY","23 Jul 2019","KTEMPERLEY"
"415","Z0001932","18 Feb 2019","31 Dec 2600","-2","23 Jul 2019","KTEMPERLEY","23 Jul 2019","KTEMPERLEY"
"416","Z0001890","18 Feb 2019","31 Dec 2600","-2","23 Jul 2019","KTEMPERLEY","23 Jul 2019","KTEMPERLEY"
"417","Z0002041","22 Feb 2019","31 Dec 2600","-2","23 Jul 2019","KTEMPERLEY","23 Jul 2019","KTEMPERLEY"
"418","Z0001952","04 Mar 2019","31 Dec 2600","-2","23 Jul 2019","KTEMPERLEY","23 Jul 2019","KTEMPERLEY"
"419","Z0001976","04 Mar 2019","31 Dec 2600","-2","23 Jul 2019","KTEMPERLEY","23 Jul 2019","KTEMPERLEY"
"420","Z0001882","01 Mar 2019","31 Dec 2600","-2","23 Jul 2019","KTEMPERLEY","23 Jul 2019","KTEMPERLEY"
"421","Z0001981","15 Mar 2019","31 Dec 2600","-2","23 Jul 2019","KTEMPERLEY","23 Jul 2019","KTEMPERLEY"
"422","Z0001931","07 Mar 2019","31 Dec 2600","-2","23 Jul 2019","KTEMPERLEY","23 Jul 2019","KTEMPERLEY"
"423","Z0001844","22 Mar 2019","31 Dec 2600","-2","23 Jul 2019","KTEMPERLEY","23 Jul 2019","KTEMPERLEY"
"424","Z0009087","22 Mar 2019","31 Dec 2600","-2","23 Jul 2019","KTEMPERLEY","23 Jul 2019","KTEMPERLEY"
"425","Z0002031","22 Mar 2019","31 Dec 2600","-2","23 Jul 2019","KTEMPERLEY","23 Jul 2019","KTEMPERLEY"
"426","Z0009083","22 Mar 2019","31 Dec 2600","-2","23 Jul 2019","KTEMPERLEY","23 Jul 2019","KTEMPERLEY"
"427","Z0001882","22 Mar 2019","31 Dec 2600","-2","23 Jul 2019","KTEMPERLEY","23 Jul 2019","KTEMPERLEY"
"428","Z0001844","28 Mar 2019","31 Dec 2600","-2","23 Jul 2019","KTEMPERLEY","23 Jul 2019","KTEMPERLEY"
"429","Z0001909","29 Mar 2019","31 Dec 2600","-2","23 Jul 2019","KTEMPERLEY","23 Jul 2019","KTEMPERLEY"
"430","Z0001883","03 Apr 2019","31 Dec 2600","-2","23 Jul 2019","KTEMPERLEY","23 Jul 2019","KTEMPERLEY"
"431","Z0002030","05 Apr 2019","31 Dec 2600","-2","23 Jul 2019","KTEMPERLEY","23 Jul 2019","KTEMPERLEY"
"432","Z0009073","05 Apr 2019","31 Dec 2600","-2","23 Jul 2019","KTEMPERLEY","23 Jul 2019","KTEMPERLEY"
"433","Z0009082","09 Apr 2019","31 Dec 2600","-2","23 Jul 2019","KTEMPERLEY","23 Jul 2019","KTEMPERLEY"
"434","Z0001980","08 Apr 2019","31 Dec 2600","-2","23 Jul 2019","KTEMPERLEY","23 Jul 2019","KTEMPERLEY"
"435","Z0001892","22 Mar 2019","31 Dec 2600","-2","23 Jul 2019","KTEMPERLEY","23 Jul 2019","KTEMPERLEY"
"436","Z0001892","22 Mar 2019","31 Dec 2600","-2","23 Jul 2019","KTEMPERLEY","23 Jul 2019","KTEMPERLEY"
"437","Z0001892","22 Mar 2019","31 Dec 2600","-2","23 Jul 2019","KTEMPERLEY","23 Jul 2019","KTEMPERLEY"
"438","Z0001906","10 Apr 2019","31 Dec 2600","-2","23 Jul 2019","KTEMPERLEY","23 Jul 2019","KTEMPERLEY"
"439","Z0001896","11 Apr 2019","31 Dec 2600","-2","23 Jul 2019","KTEMPERLEY","23 Jul 2019","KTEMPERLEY"
"440","Z0001876","11 Apr 2019","31 Dec 2600","-2","23 Jul 2019","KTEMPERLEY","23 Jul 2019","KTEMPERLEY"
"441","Z0001932","11 Apr 2019","31 Dec 2600","-2","23 Jul 2019","KTEMPERLEY","23 Jul 2019","KTEMPERLEY"
"442","Z0001956","11 Apr 2019","31 Dec 2600","-2","23 Jul 2019","KTEMPERLEY","23 Jul 2019","KTEMPERLEY"
"443","Z0001905","12 Apr 2019","31 Dec 2600","-2","23 Jul 2019","KTEMPERLEY","23 Jul 2019","KTEMPERLEY"
"444","Z0001881","12 Apr 2019","31 Dec 2600","-2","23 Jul 2019","KTEMPERLEY","23 Jul 2019","KTEMPERLEY"
"445","Z0002030","15 Apr 2019","31 Dec 2600","-2","23 Jul 2019","KTEMPERLEY","23 Jul 2019","KTEMPERLEY"
"446","Z0001902","07 May 2019","31 Dec 2600","-2","23 Jul 2019","KTEMPERLEY","23 Jul 2019","KTEMPERLEY"
"447","Z0002044","02 May 2019","31 Dec 2600","-2","23 Jul 2019","KTEMPERLEY","23 Jul 2019","KTEMPERLEY"
"448","Z0001890","23 Apr 2019","31 Dec 2600","-2","23 Jul 2019","KTEMPERLEY","23 Jul 2019","KTEMPERLEY"
"449","Z0001932","18 Apr 2019","31 Dec 2600","-2","23 Jul 2019","KTEMPERLEY","23 Jul 2019","KTEMPERLEY"
"450","Z0001942","18 Apr 2019","31 Dec 2600","-2","23 Jul 2019","KTEMPERLEY","23 Jul 2019","KTEMPERLEY"
"451","Z0009094","18 Apr 2019","31 Dec 2600","-2","23 Jul 2019","KTEMPERLEY","23 Jul 2019","KTEMPERLEY"
"452","Z0001886","16 Apr 2019","31 Dec 2600","-2","23 Jul 2019","KTEMPERLEY","23 Jul 2019","KTEMPERLEY"
"453","Z0002076","10 May 2019","31 Dec 2600","-2","23 Jul 2019","KTEMPERLEY","23 Jul 2019","KTEMPERLEY"
"454","Z0001990","10 May 2019","31 Dec 2600","-2","23 Jul 2019","KTEMPERLEY","23 Jul 2019","KTEMPERLEY"
"455","Z0009084","13 May 2019","31 Dec 2600","-2","23 Jul 2019","KTEMPERLEY","23 Jul 2019","KTEMPERLEY"
"456","Z0001890","13 May 2019","31 Dec 2600","-2","23 Jul 2019","KTEMPERLEY","23 Jul 2019","KTEMPERLEY"
"457","Z0009076","13 May 2019","31 Dec 2600","-2","23 Jul 2019","KTEMPERLEY","23 Jul 2019","KTEMPERLEY"
"458","Z0001948","16 May 2019","31 Dec 2600","-2","23 Jul 2019","KTEMPERLEY","23 Jul 2019","KTEMPERLEY"
"459","Z0001941","16 May 2019","31 Dec 2600","-2","23 Jul 2019","KTEMPERLEY","23 Jul 2019","KTEMPERLEY"
"460","Z0001906","07 Jun 2019","31 Dec 2600","-2","23 Jul 2019","KTEMPERLEY","23 Jul 2019","KTEMPERLEY"
"461","Z0001905","24 May 2019","31 Dec 2600","-2","23 Jul 2019","KTEMPERLEY","23 Jul 2019","KTEMPERLEY"
"462","Z0002045","11 Jun 2019","31 Dec 2600","-2","23 Jul 2019","KTEMPERLEY","23 Jul 2019","KTEMPERLEY"
"463","Z0001940","11 Jun 2019","31 Dec 2600","-2","23 Jul 2019","KTEMPERLEY","23 Jul 2019","KTEMPERLEY"
"464","Z0002031","14 Jun 2019","31 Dec 2600","-2","23 Jul 2019","KTEMPERLEY","23 Jul 2019","KTEMPERLEY"
"465","Z0002039","14 Jun 2019","31 Dec 2600","-2","23 Jul 2019","KTEMPERLEY","23 Jul 2019","KTEMPERLEY"
"466","Z0009076","28 Jun 2019","31 Dec 2600","-2","23 Jul 2019","KTEMPERLEY","23 Jul 2019","KTEMPERLEY"
"467","Z0001844","03 Jul 2019","31 Dec 2600","-2","23 Jul 2019","KTEMPERLEY","23 Jul 2019","KTEMPERLEY"
"468","Z0001944","03 Jul 2019","31 Dec 2600","-2","23 Jul 2019","KTEMPERLEY","23 Jul 2019","KTEMPERLEY"
"469","Z0002030","03 Jul 2019","31 Dec 2600","-2","23 Jul 2019","KTEMPERLEY","23 Jul 2019","KTEMPERLEY"
"470","Z0001844","03 Jul 2019","31 Dec 2600","-2","23 Jul 2019","KTEMPERLEY","23 Jul 2019","KTEMPERLEY"
"471","Z0001881","03 Jul 2019","31 Dec 2600","-2","23 Jul 2019","KTEMPERLEY","23 Jul 2019","KTEMPERLEY"
"472","Z0001841","03 Jul 2019","31 Dec 2600","-2","23 Jul 2019","KTEMPERLEY","23 Jul 2019","KTEMPERLEY"
"473","Z0002030","03 Jul 2019","31 Dec 2600","-2","23 Jul 2019","KTEMPERLEY","23 Jul 2019","KTEMPERLEY"
"474","Z0001940","03 Jul 2019","31 Dec 2600","-2","23 Jul 2019","KTEMPERLEY","23 Jul 2019","KTEMPERLEY"
"475","Z0009082","03 Jul 2019","31 Dec 2600","-2","23 Jul 2019","KTEMPERLEY","23 Jul 2019","KTEMPERLEY"
"476","Z0001844","03 Jul 2019","31 Dec 2600","-2","23 Jul 2019","KTEMPERLEY","23 Jul 2019","KTEMPERLEY"
"477","Z0002040","03 Jul 2019","31 Dec 2600","-2","23 Jul 2019","KTEMPERLEY","23 Jul 2019","KTEMPERLEY"
"478","Z0002040","03 Jul 2019","31 Dec 2600","-2","23 Jul 2019","KTEMPERLEY","23 Jul 2019","KTEMPERLEY"
"479","Z0001890","03 Jul 2019","31 Dec 2600","-2","23 Jul 2019","KTEMPERLEY","23 Jul 2019","KTEMPERLEY"
"480","Z0001927","03 Jul 2019","31 Dec 2600","-2","23 Jul 2019","KTEMPERLEY","23 Jul 2019","KTEMPERLEY"
"481","Z0001888","04 Jul 2019","31 Dec 2600","-2","23 Jul 2019","KTEMPERLEY","23 Jul 2019","KTEMPERLEY"
"482","Z0002044","11 Jul 2019","31 Dec 2600","-2","23 Jul 2019","KTEMPERLEY","23 Jul 2019","KTEMPERLEY"
"483","Z0001981","11 Jul 2019","31 Dec 2600","-2","23 Jul 2019","KTEMPERLEY","23 Jul 2019","KTEMPERLEY"
"484","Z0009101","11 Jul 2019","31 Dec 2600","-2","23 Jul 2019","KTEMPERLEY","23 Jul 2019","KTEMPERLEY"
"485","Z0002048","16 Jul 2019","31 Dec 2600","-2","23 Jul 2019","KTEMPERLEY","23 Jul 2019","KTEMPERLEY"
"486","Z0001890","19 Jul 2019","31 Dec 2600","-2","23 Jul 2019","KTEMPERLEY","23 Jul 2019","KTEMPERLEY"
"487","Z0001890","19 Jul 2019","31 Dec 2600","-2","23 Jul 2019","KTEMPERLEY","23 Jul 2019","KTEMPERLEY"
"488","Z0001874","19 Jul 2019","31 Dec 2600","-2","23 Jul 2019","KTEMPERLEY","23 Jul 2019","KTEMPERLEY"
"489","Z0009073","19 Jul 2019","31 Dec 2600","-2","21 Aug 2019","KTEMPERLEY","21 Aug 2019","KTEMPERLEY"
"490","Z0001992","16 Aug 2019","31 Dec 2600","-2","21 Aug 2019","KTEMPERLEY","21 Aug 2019","KTEMPERLEY"
"491","Z0001956","14 Aug 2019","31 Dec 2600","-2","21 Aug 2019","KTEMPERLEY","21 Aug 2019","KTEMPERLEY"
"492","Z0001888","05 Aug 2019","31 Dec 2600","-2","21 Aug 2019","KTEMPERLEY","21 Aug 2019","KTEMPERLEY"
"493","Z0001841","25 Jul 2019","31 Dec 2600","-2","21 Aug 2019","KTEMPERLEY","21 Aug 2019","KTEMPERLEY"
"494","Z0002030","16 Aug 2019","31 Dec 2600","-2","21 Aug 2019","KTEMPERLEY","21 Aug 2019","KTEMPERLEY"
"495","Z0002032","20 Aug 2019","31 Dec 2600","-2","21 Aug 2019","KTEMPERLEY","21 Aug 2019","KTEMPERLEY"
"496","Z0001882","20 Aug 2019","31 Dec 2600","-2","21 Aug 2019","KTEMPERLEY","21 Aug 2019","KTEMPERLEY"
"503","Z0001932","30 Sep 2019","31 Dec 2600","-2","09 Oct 2019","KTEMPERLEY","09 Oct 2019","KTEMPERLEY"
"504","Z0009072","30 Sep 2019","31 Dec 2600","-2","09 Oct 2019","KTEMPERLEY","09 Oct 2019","KTEMPERLEY"
"505","Z0001981","30 Sep 2019","31 Dec 2600","-2","09 Oct 2019","KTEMPERLEY","09 Oct 2019","KTEMPERLEY"
"506","Z0009072","30 Sep 2019","31 Dec 2600","-2","09 Oct 2019","KTEMPERLEY","09 Oct 2019","KTEMPERLEY"
"507","Z0002034","30 Sep 2019","31 Dec 2600","-2","09 Oct 2019","KTEMPERLEY","09 Oct 2019","KTEMPERLEY"
"508","Z0001889","30 Sep 2019","31 Dec 2600","-2","09 Oct 2019","KTEMPERLEY","09 Oct 2019","KTEMPERLEY"
"509","Z0001891","27 Sep 2019","31 Dec 2600","-2","09 Oct 2019","KTEMPERLEY","09 Oct 2019","KTEMPERLEY"
"510","Z0002061","27 Sep 2019","31 Dec 2600","-2","09 Oct 2019","KTEMPERLEY","09 Oct 2019","KTEMPERLEY"
"511","Z0002044","27 Sep 2019","31 Dec 2600","-2","09 Oct 2019","KTEMPERLEY","09 Oct 2019","KTEMPERLEY"
"512","Z0001841","27 Sep 2019","31 Dec 2600","-2","09 Oct 2019","KTEMPERLEY","09 Oct 2019","KTEMPERLEY"
"513","Z0001844","27 Sep 2019","31 Dec 2600","-2","09 Oct 2019","KTEMPERLEY","09 Oct 2019","KTEMPERLEY"
"514","Z0001891","27 Sep 2019","31 Dec 2600","-2","09 Oct 2019","KTEMPERLEY","09 Oct 2019","KTEMPERLEY"
"515","Z0001905","27 Sep 2019","31 Dec 2600","-2","09 Oct 2019","KTEMPERLEY","09 Oct 2019","KTEMPERLEY"
"516","Z0001904","20 Sep 2019","31 Dec 2600","-2","09 Oct 2019","KTEMPERLEY","09 Oct 2019","KTEMPERLEY"
"517","Z0002049","30 Sep 2019","31 Dec 2600","-2","22 Oct 2019","KTEMPERLEY","22 Oct 2019","KTEMPERLEY"
"518","Z0001844","30 Sep 2019","31 Dec 2600","-2","22 Oct 2019","KTEMPERLEY","22 Oct 2019","KTEMPERLEY"
"519","Z0001941","07 Nov 2019","31 Dec 2600","-2","08 Nov 2019","KTEMPERLEY","08 Nov 2019","KTEMPERLEY"
"520","Z0009072","05 Nov 2019","31 Dec 2600","-2","08 Nov 2019","KTEMPERLEY","08 Nov 2019","KTEMPERLEY"
"521","Z0001905","30 Sep 2019","31 Dec 2600","-2","08 Nov 2019","KTEMPERLEY","08 Nov 2019","KTEMPERLEY"
"522","Z0001892","04 Nov 2019","31 Dec 2600","-2","08 Nov 2019","KTEMPERLEY","08 Nov 2019","KTEMPERLEY"
"523","Z0001941","05 Nov 2019","31 Dec 2600","-2","08 Nov 2019","KTEMPERLEY","08 Nov 2019","KTEMPERLEY"
"524","Z0001890","30 Sep 2019","31 Dec 2600","-2","08 Nov 2019","KTEMPERLEY","08 Nov 2019","KTEMPERLEY"
"525","Z0001891","30 Sep 2019","31 Dec 2600","-2","08 Nov 2019","KTEMPERLEY","08 Nov 2019","KTEMPERLEY"
"526","Z0001905","18 Dec 2019","31 Dec 2600","-2","15 Jan 2020","KTEMPERLEY","15 Jan 2020","KTEMPERLEY"
"527","Z0002042","18 Dec 2019","31 Dec 2600","-2","15 Jan 2020","KTEMPERLEY","15 Jan 2020","KTEMPERLEY"
"528","Z0009098","18 Dec 2019","31 Dec 2600","-2","15 Jan 2020","KTEMPERLEY","15 Jan 2020","KTEMPERLEY"
"529","Z0001844","18 Dec 2019","31 Dec 2600","-2","15 Jan 2020","KTEMPERLEY","15 Jan 2020","KTEMPERLEY"
"530","Z0001932","20 Nov 2019","31 Dec 2600","-2","08 Jan 2020","KTEMPERLEY","08 Jan 2020","KTEMPERLEY"
"531","Z0009107","20 Dec 2019","31 Dec 2600","-2","08 Jan 2020","KTEMPERLEY","08 Jan 2020","KTEMPERLEY"
"532","Z0001850","03 Feb 2020","31 Dec 2600","-2","10 Feb 2020","KTEMPERLEY","10 Feb 2020","KTEMPERLEY"
"533","Z0001890","03 Feb 2020","31 Dec 2600","-2","10 Feb 2020","KTEMPERLEY","10 Feb 2020","KTEMPERLEY"
"534","Z0001890","03 Feb 2020","31 Dec 2600","-2","10 Feb 2020","KTEMPERLEY","10 Feb 2020","KTEMPERLEY"
"535","Z0001887","03 Feb 2020","31 Dec 2600","-2","10 Feb 2020","KTEMPERLEY","10 Feb 2020","KTEMPERLEY"
"536","Z0002076","03 Feb 2020","31 Dec 2600","-2","10 Feb 2020","KTEMPERLEY","10 Feb 2020","KTEMPERLEY"
"537","Z0001981","03 Feb 2020","31 Dec 2600","-2","10 Feb 2020","KTEMPERLEY","10 Feb 2020","KTEMPERLEY"
"538","Z0009097","03 Feb 2020","31 Dec 2600","-2","10 Feb 2020","KTEMPERLEY","10 Feb 2020","KTEMPERLEY"
"539","Z0001894","03 Feb 2020","31 Dec 2600","-2","10 Feb 2020","KTEMPERLEY","10 Feb 2020","KTEMPERLEY"
"540","Z0001975","03 Feb 2020","31 Dec 2600","-2","10 Feb 2020","KTEMPERLEY","10 Feb 2020","KTEMPERLEY"
"541","Z0002046","03 Feb 2020","31 Dec 2600","-2","10 Feb 2020","KTEMPERLEY","10 Feb 2020","KTEMPERLEY"
"542","Z0002055","03 Feb 2020","31 Dec 2600","-2","10 Feb 2020","KTEMPERLEY","10 Feb 2020","KTEMPERLEY"
"543","Z0001839","03 Feb 2020","31 Dec 2600","-2","10 Feb 2020","KTEMPERLEY","10 Feb 2020","KTEMPERLEY"
"544","Z0001940","03 Feb 2020","31 Dec 2600","-2","10 Feb 2020","KTEMPERLEY","10 Feb 2020","KTEMPERLEY"
"545","Z0001900","03 Feb 2020","31 Dec 2600","-2","10 Feb 2020","KTEMPERLEY","10 Feb 2020","KTEMPERLEY"
"546","Z0001951","25 Feb 2020","31 Dec 2600","-2","03 Mar 2020","KTEMPERLEY","03 Mar 2020","KTEMPERLEY"
"547","Z0002006","06 Mar 2020","31 Dec 2600","-2","09 Mar 2020","KTEMPERLEY","09 Mar 2020","KTEMPERLEY"
"548","Z0001946","12 Mar 2020","31 Dec 2600","-2","12 Mar 2020","KTEMPERLEY","12 Mar 2020","KTEMPERLEY"
"549","Z0001840","19 Mar 2020","31 Dec 2600","-2","20 Mar 2020","KTEMPERLEY","20 Mar 2020","KTEMPERLEY"
"550","Z0001833","26 Mar 2020","31 Dec 2600","-2","26 Mar 2020","KTEMPERLEY","26 Mar 2020","KTEMPERLEY"
"551","Z0001929","31 Mar 2020","31 Dec 2600","-2","01 Apr 2020","KTEMPERLEY","01 Apr 2020","KTEMPERLEY"
"552","Z0001924","02 Apr 2020","31 Dec 2600","-2","03 Apr 2020","KTEMPERLEY","03 Apr 2020","KTEMPERLEY"
"553","Z0001987","07 Apr 2020","31 Dec 2600","-2","08 Apr 2020","KTEMPERLEY","08 Apr 2020","KTEMPERLEY"
"554","Z0009094","27 Apr 2020","31 Dec 2600","-2","28 Apr 2020","KTEMPERLEY","28 Apr 2020","KTEMPERLEY"
"555","Z0002026","13 May 2020","31 Dec 2600","-2","20 May 2020","KTEMPERLEY","20 May 2020","KTEMPERLEY"
"556","Z0009118","13 May 2020","31 Dec 2600","-2","20 May 2020","KTEMPERLEY","20 May 2020","KTEMPERLEY"
"557","Z0001840","13 May 2020","31 Dec 2600","-2","20 May 2020","KTEMPERLEY","20 May 2020","KTEMPERLEY"
"558","Z0001946","13 May 2020","31 Dec 2600","-2","20 May 2020","KTEMPERLEY","20 May 2020","KTEMPERLEY"
"559","Z0001896","13 May 2020","31 Dec 2600","-2","22 May 2020","KTEMPERLEY","22 May 2020","KTEMPERLEY"
"560","Z0001940","13 May 2020","31 Dec 2600","-2","22 May 2020","KTEMPERLEY","22 May 2020","KTEMPERLEY"
"561","Z0009088","13 May 2020","31 Dec 2600","-2","22 May 2020","KTEMPERLEY","22 May 2020","KTEMPERLEY"
"562","Z0001890","13 May 2020","31 Dec 2600","-2","22 May 2020","KTEMPERLEY","22 May 2020","KTEMPERLEY"
"563","Z0001900","13 May 2020","31 Dec 2600","-2","22 May 2020","KTEMPERLEY","22 May 2020","KTEMPERLEY"
"564","Z0009118","21 May 2020","31 Dec 2600","-2","22 May 2020","KTEMPERLEY","22 May 2020","KTEMPERLEY"
"565","Z0001894","04 Jun 2020","31 Dec 2600","-2","05 Jun 2020","KTEMPERLEY","05 Jun 2020","KTEMPERLEY"
"566","Z0009074","09 Jun 2020","31 Dec 2600","-2","10 Jun 2020","KTEMPERLEY","10 Jun 2020","KTEMPERLEY"
"567","Z0001837","10 Jun 2020","31 Dec 2600","-2","11 Jun 2020","KTEMPERLEY","11 Jun 2020","KTEMPERLEY"
"568","Z0001840","17 Jun 2020","31 Dec 2600","-2","18 Jun 2020","KFISHER","18 Jun 2020","KFISHER"
"569","Z0001976","23 Jun 2020","31 Dec 2600","-2","23 Jun 2020","KTEMPERLEY","23 Jun 2020","KTEMPERLEY"
"570","Z0002032","03 Jul 2020","31 Dec 2600","-2","03 Jul 2020","KTEMPERLEY","03 Jul 2020","KTEMPERLEY"
"571","Z0001839","10 Jul 2020","31 Dec 2600","-2","14 Jul 2020","KTEMPERLEY","14 Jul 2020","KTEMPERLEY"
"572","Z0002036","10 Jul 2020","31 Dec 2600","-2","14 Jul 2020","KTEMPERLEY","14 Jul 2020","KTEMPERLEY"
"573","Z0001898","10 Jul 2020","31 Dec 2600","-2","14 Jul 2020","KTEMPERLEY","14 Jul 2020","KTEMPERLEY"
"574","Z0001906","10 Jul 2020","31 Dec 2600","-2","14 Jul 2020","KTEMPERLEY","14 Jul 2020","KTEMPERLEY"
"575","Z0001844","10 Jul 2020","31 Dec 2600","-2","14 Jul 2020","KTEMPERLEY","14 Jul 2020","KTEMPERLEY"
"576","Z0001896","10 Jul 2020","31 Dec 2600","-2","14 Jul 2020","KTEMPERLEY","14 Jul 2020","KTEMPERLEY"
"577","Z0002026","10 Jul 2020","31 Dec 2600","-2","14 Jul 2020","KTEMPERLEY","14 Jul 2020","KTEMPERLEY"
"578","Z0002041","10 Jul 2020","31 Dec 2600","-2","14 Jul 2020","KTEMPERLEY","14 Jul 2020","KTEMPERLEY"
"579","Z0001892","10 Jul 2020","31 Dec 2600","-2","14 Jul 2020","KTEMPERLEY","14 Jul 2020","KTEMPERLEY"
"580","Z0009073","10 Jul 2020","31 Dec 2600","-2","14 Jul 2020","KTEMPERLEY","14 Jul 2020","KTEMPERLEY"
"581","Z0001979","10 Jul 2020","31 Dec 2600","-2","14 Jul 2020","KTEMPERLEY","14 Jul 2020","KTEMPERLEY"
"582","Z0001927","10 Jul 2020","31 Dec 2600","-2","14 Jul 2020","KTEMPERLEY","14 Jul 2020","KTEMPERLEY"
"583","Z0009082","10 Jul 2020","31 Dec 2600","-2","17 Jul 2020","KTEMPERLEY","17 Jul 2020","KTEMPERLEY"
"584","Z0001941","10 Jul 2020","31 Dec 2600","-2","22 Jul 2020","KTEMPERLEY","22 Jul 2020","KTEMPERLEY"
"585","Z0001939","07 Aug 2020","31 Dec 2600","-2","07 Aug 2020","KTEMPERLEY","07 Aug 2020","KTEMPERLEY"
"586","Z0009098","07 Aug 2020","31 Dec 2600","-2","07 Aug 2020","KTEMPERLEY","07 Aug 2020","KTEMPERLEY"
"587","Z0009082","07 Aug 2020","31 Dec 2600","-2","07 Aug 2020","KTEMPERLEY","07 Aug 2020","KTEMPERLEY"
"588","Z0001840","07 Aug 2020","31 Dec 2600","-2","07 Aug 2020","KTEMPERLEY","07 Aug 2020","KTEMPERLEY"
"589","Z0002034","07 Aug 2020","31 Dec 2600","-2","07 Aug 2020","KTEMPERLEY","07 Aug 2020","KTEMPERLEY"
