"StandardCode","FundingCategory","EffectiveFrom","EffectiveTo","BandNumber","CoreGovContributionCap","1618Incentive","SmallBusinessIncentive","AchievementIncentive","FundableWithoutEmployer","Created_On","Created_By","Modified_On","Modified_By"
"1","StandardTblazer","01 Aug 2014","31 Jul 2016","5","18000.00000","5400.00000","2700.00000","2700.00000","N","09 Jul 2015","goodmand","27 Jul 2016","robinsonsar"
"1","StandardTblazer","01 Aug 2016","","6","18000.00000","5400.00000","2700.00000","2700.00000","N","27 Jul 2016","robinsonsar","27 Jul 2016","robinsonsar"
"2","StandardTblazer","01 Aug 2014","31 Jul 2016","5","18000.00000","5400.00000","2700.00000","2700.00000","N","09 Jul 2015","goodmand","27 Jul 2016","robinsonsar"
"2","StandardTblazer","01 Aug 2016","","6","18000.00000","5400.00000","2700.00000","2700.00000","N","27 Jul 2016","robinsonsar","27 Jul 2016","robinsonsar"
"3","StandardTblazer","01 Aug 2014","31 Jul 2016","5","18000.00000","5400.00000","2700.00000","2700.00000","N","09 Jul 2015","goodmand","27 Jul 2016","robinsonsar"
"3","StandardTblazer","01 Aug 2016","31 Mar 2017","6","18000.00000","5400.00000","2700.00000","2700.00000","N","27 Jul 2016","robinsonsar","07 Apr 2017","robinsonsar"
"4","StandardTblazer","01 Aug 2014","31 Jul 2016","5","18000.00000","5400.00000","2700.00000","2700.00000","N","09 Jul 2015","goodmand","27 Jul 2016","robinsonsar"
"4","StandardTblazer","01 Aug 2016","31 Mar 2017","6","18000.00000","5400.00000","2700.00000","2700.00000","N","27 Jul 2016","robinsonsar","07 Apr 2017","robinsonsar"
"5","StandardTblazer","01 Aug 2015","31 Jul 2016","5","18000.00000","5400.00000","2700.00000","2700.00000","N","16 Sep 2015","fisherk","27 Jul 2016","robinsonsar"
"5","StandardTblazer","01 Aug 2016","","6","18000.00000","5400.00000","2700.00000","2700.00000","N","27 Jul 2016","robinsonsar","27 Jul 2016","robinsonsar"
"6","StandardTblazer","01 Aug 2014","31 Jul 2016","5","18000.00000","5400.00000","2700.00000","2700.00000","N","09 Jul 2015","goodmand","27 Jul 2016","robinsonsar"
"6","StandardTblazer","01 Aug 2016","","6","18000.00000","5400.00000","2700.00000","2700.00000","N","27 Jul 2016","robinsonsar","27 Jul 2016","robinsonsar"
"7","StandardTblazer","01 Aug 2014","31 Jul 2016","5","18000.00000","5400.00000","2700.00000","2700.00000","N","09 Jul 2015","goodmand","27 Jul 2016","robinsonsar"
"7","StandardTblazer","01 Aug 2016","","6","18000.00000","5400.00000","2700.00000","2700.00000","N","27 Jul 2016","robinsonsar","27 Jul 2016","robinsonsar"
"8","StandardTblazer","01 Aug 2014","","4","8000.00000","2400.00000","1200.00000","1200.00000","N","09 Jul 2015","goodmand","09 Jul 2015","goodmand"
"9","StandardTblazer","01 Aug 2014","31 Jul 2016","5","18000.00000","5400.00000","2700.00000","2700.00000","N","09 Jul 2015","goodmand","27 Jul 2016","robinsonsar"
"9","StandardTblazer","01 Aug 2016","","6","18000.00000","5400.00000","2700.00000","2700.00000","N","27 Jul 2016","robinsonsar","27 Jul 2016","robinsonsar"
"10","StandardTblazer","01 Aug 2014","31 Jul 2016","5","18000.00000","5400.00000","2700.00000","2700.00000","N","09 Jul 2015","goodmand","27 Jul 2016","robinsonsar"
"10","StandardTblazer","01 Aug 2016","","6","18000.00000","5400.00000","2700.00000","2700.00000","N","27 Jul 2016","robinsonsar","27 Jul 2016","robinsonsar"
"11","StandardTblazer","01 Aug 2014","31 Jul 2016","5","18000.00000","5400.00000","2700.00000","2700.00000","N","09 Jul 2015","goodmand","14 Sep 2016","goodmand"
"11","StandardTblazer","01 Aug 2016","","6","18000.00000","5400.00000","2700.00000","2700.00000","N","27 Jul 2016","robinsonsar","27 Jul 2016","robinsonsar"
"12","StandardTblazer","01 Aug 2014","31 Jul 2016","5","18000.00000","5400.00000","2700.00000","2700.00000","N","09 Jul 2015","goodmand","14 Sep 2016","goodmand"
"12","StandardTblazer","01 Aug 2016","","6","18000.00000","5400.00000","2700.00000","2700.00000","N","27 Jul 2016","robinsonsar","27 Jul 2016","robinsonsar"
"13","StandardTblazer","01 Aug 2014","31 Jul 2016","5","18000.00000","5400.00000","2700.00000","2700.00000","N","09 Jul 2015","goodmand","14 Sep 2016","goodmand"
"13","StandardTblazer","01 Aug 2016","31 Mar 2017","6","18000.00000","5400.00000","2700.00000","2700.00000","N","27 Jul 2016","robinsonsar","07 Apr 2017","robinsonsar"
"14","StandardTblazer","18 Mar 2015","31 Jul 2016","5","18000.00000","5400.00000","2700.00000","2700.00000","N","09 Jul 2015","goodmand","27 Jul 2016","robinsonsar"
"14","StandardTblazer","01 Aug 2016","","6","18000.00000","5400.00000","2700.00000","2700.00000","N","27 Jul 2016","robinsonsar","27 Jul 2016","robinsonsar"
"15","StandardTblazer","18 Mar 2015","31 Jul 2016","5","18000.00000","5400.00000","2700.00000","2700.00000","N","09 Jul 2015","goodmand","27 Jul 2016","robinsonsar"
"15","StandardTblazer","01 Aug 2016","","6","18000.00000","5400.00000","2700.00000","2700.00000","N","27 Jul 2016","robinsonsar","27 Jul 2016","robinsonsar"
"16","StandardTblazer","18 Mar 2015","31 Jul 2016","5","18000.00000","5400.00000","2700.00000","2700.00000","N","09 Jul 2015","goodmand","27 Jul 2016","robinsonsar"
"16","StandardTblazer","01 Aug 2016","","6","18000.00000","5400.00000","2700.00000","2700.00000","N","27 Jul 2016","robinsonsar","27 Jul 2016","robinsonsar"
"17","StandardTblazer","26 Mar 2015","31 Jul 2016","5","18000.00000","5400.00000","2700.00000","2700.00000","N","09 Jul 2015","goodmand","27 Jul 2016","robinsonsar"
"17","StandardTblazer","01 Aug 2016","","6","18000.00000","5400.00000","2700.00000","2700.00000","N","27 Jul 2016","robinsonsar","27 Jul 2016","robinsonsar"
"18","StandardTblazer","26 Mar 2015","31 Jul 2016","5","18000.00000","5400.00000","2700.00000","2700.00000","N","09 Jul 2015","goodmand","27 Jul 2016","robinsonsar"
"18","StandardTblazer","01 Aug 2016","","6","18000.00000","5400.00000","2700.00000","2700.00000","N","27 Jul 2016","robinsonsar","27 Jul 2016","robinsonsar"
"19","StandardTblazer","26 Mar 2015","","2","3000.00000","900.00000","500.00000","500.00000","N","09 Jul 2015","goodmand","09 Jul 2015","goodmand"
"20","StandardTblazer","26 Mar 2015","","3","6000.00000","1800.00000","900.00000","900.00000","N","09 Jul 2015","goodmand","09 Jul 2015","goodmand"
"21","StandardTblazer","26 Mar 2015","","3","6000.00000","1800.00000","900.00000","900.00000","N","09 Jul 2015","goodmand","09 Jul 2015","goodmand"
"22","StandardTblazer","26 Mar 2015","","4","8000.00000","2400.00000","1200.00000","1200.00000","N","09 Jul 2015","goodmand","09 Jul 2015","goodmand"
"23","StandardTblazer","26 Mar 2015","","4","8000.00000","2400.00000","1200.00000","1200.00000","N","09 Jul 2015","goodmand","09 Jul 2015","goodmand"
"24","StandardTblazer","26 Mar 2015","31 Jul 2016","5","18000.00000","5400.00000","2700.00000","2700.00000","N","09 Jul 2015","goodmand","27 Jul 2016","robinsonsar"
"24","StandardTblazer","01 Aug 2016","","6","18000.00000","5400.00000","2700.00000","2700.00000","N","27 Jul 2016","robinsonsar","27 Jul 2016","robinsonsar"
"25","StandardTblazer","26 Mar 2015","31 Jul 2016","5","18000.00000","5400.00000","2700.00000","2700.00000","N","09 Jul 2015","goodmand","27 Jul 2016","robinsonsar"
"25","StandardTblazer","01 Aug 2016","","6","18000.00000","5400.00000","2700.00000","2700.00000","N","27 Jul 2016","robinsonsar","27 Jul 2016","robinsonsar"
"26","StandardTblazer","01 Aug 2015","","4","8000.00000","2400.00000","1200.00000","1200.00000","N","03 Sep 2015","fisherk","03 Sep 2015","fisherk"
"27","StandardTblazer","01 Aug 2015","","4","8000.00000","2400.00000","1200.00000","1200.00000","N","03 Sep 2015","fisherk","03 Sep 2015","fisherk"
"28","StandardTblazer","01 Aug 2015","","2","3000.00000","900.00000","500.00000","500.00000","N","03 Sep 2015","fisherk","03 Sep 2015","fisherk"
"29","StandardTblazer","01 Aug 2015","","2","3000.00000","900.00000","500.00000","500.00000","N","03 Sep 2015","fisherk","03 Sep 2015","fisherk"
"30","StandardTblazer","01 Aug 2015","","3","6000.00000","1800.00000","900.00000","900.00000","N","03 Sep 2015","fisherk","03 Sep 2015","fisherk"
"31","StandardTblazer","01 Aug 2015","","3","6000.00000","1800.00000","900.00000","900.00000","N","03 Sep 2015","fisherk","03 Sep 2015","fisherk"
"32","StandardTblazer","01 Aug 2015","","3","6000.00000","1800.00000","900.00000","900.00000","N","03 Sep 2015","fisherk","03 Sep 2015","fisherk"
"33","StandardTblazer","01 Aug 2015","","3","6000.00000","1800.00000","900.00000","900.00000","N","03 Sep 2015","fisherk","03 Sep 2015","fisherk"
"34","StandardTblazer","01 Aug 2015","","3","6000.00000","1800.00000","900.00000","900.00000","N","03 Sep 2015","fisherk","03 Sep 2015","fisherk"
"35","StandardTblazer","01 Aug 2015","","4","8000.00000","2400.00000","1200.00000","1200.00000","N","03 Sep 2015","fisherk","03 Sep 2015","fisherk"
"36","StandardTblazer","01 Aug 2015","","1","2000.00000","600.00000","500.00000","500.00000","N","03 Sep 2015","fisherk","03 Sep 2015","fisherk"
"37","StandardTblazer","01 Aug 2015","31 Jul 2016","5","18000.00000","5400.00000","2700.00000","2700.00000","N","03 Sep 2015","fisherk","27 Jul 2016","robinsonsar"
"37","StandardTblazer","01 Aug 2016","","6","18000.00000","5400.00000","2700.00000","2700.00000","N","27 Jul 2016","robinsonsar","27 Jul 2016","robinsonsar"
"38","StandardTblazer","01 Aug 2015","31 Jul 2016","5","18000.00000","5400.00000","2700.00000","2700.00000","N","03 Sep 2015","fisherk","27 Jul 2016","robinsonsar"
"38","StandardTblazer","01 Aug 2016","","6","18000.00000","5400.00000","2700.00000","2700.00000","N","27 Jul 2016","robinsonsar","27 Jul 2016","robinsonsar"
"39","StandardTblazer","01 Aug 2015","","3","6000.00000","1800.00000","900.00000","900.00000","N","03 Sep 2015","fisherk","03 Sep 2015","fisherk"
"40","StandardTblazer","01 Aug 2015","","3","6000.00000","1800.00000","900.00000","900.00000","N","03 Sep 2015","fisherk","03 Sep 2015","fisherk"
"41","StandardTblazer","01 Aug 2015","","4","8000.00000","2400.00000","1200.00000","1200.00000","N","03 Sep 2015","fisherk","03 Sep 2015","fisherk"
"42","StandardTblazer","01 Aug 2015","","3","6000.00000","1800.00000","900.00000","900.00000","N","03 Sep 2015","fisherk","03 Sep 2015","fisherk"
"43","StandardTblazer","01 Aug 2015","31 Jul 2016","5","18000.00000","5400.00000","2700.00000","2700.00000","N","03 Sep 2015","fisherk","27 Jul 2016","robinsonsar"
"43","StandardTblazer","01 Aug 2016","","6","18000.00000","5400.00000","2700.00000","2700.00000","N","27 Jul 2016","robinsonsar","27 Jul 2016","robinsonsar"
"44","StandardTblazer","01 Aug 2015","31 Jul 2016","5","18000.00000","5400.00000","2700.00000","2700.00000","N","03 Sep 2015","fisherk","27 Jul 2016","robinsonsar"
"44","StandardTblazer","01 Aug 2016","","6","18000.00000","5400.00000","2700.00000","2700.00000","N","27 Jul 2016","robinsonsar","27 Jul 2016","robinsonsar"
"45","StandardTblazer","01 Aug 2015","31 Jul 2016","5","18000.00000","5400.00000","2700.00000","2700.00000","N","03 Sep 2015","fisherk","27 Jul 2016","robinsonsar"
"45","StandardTblazer","01 Aug 2016","","6","18000.00000","5400.00000","2700.00000","2700.00000","N","27 Jul 2016","robinsonsar","27 Jul 2016","robinsonsar"
"46","StandardTblazer","01 Aug 2015","","3","6000.00000","1800.00000","900.00000","900.00000","N","03 Sep 2015","fisherk","03 Sep 2015","fisherk"
"47","StandardTblazer","01 Aug 2015","31 Jul 2016","5","18000.00000","5400.00000","2700.00000","2700.00000","N","03 Sep 2015","fisherk","27 Jul 2016","robinsonsar"
"47","StandardTblazer","01 Aug 2016","","6","18000.00000","5400.00000","2700.00000","2700.00000","N","27 Jul 2016","robinsonsar","27 Jul 2016","robinsonsar"
"48","StandardTblazer","01 Aug 2015","","3","6000.00000","1800.00000","900.00000","900.00000","N","16 Sep 2015","fisherk","16 Sep 2015","fisherk"
"49","StandardTblazer","01 Aug 2015","","3","6000.00000","1800.00000","900.00000","900.00000","N","16 Sep 2015","fisherk","16 Sep 2015","fisherk"
"50","StandardTblazer","01 Aug 2015","31 Jul 2016","5","18000.00000","5400.00000","2700.00000","2700.00000","N","16 Sep 2015","fisherk","27 Jul 2016","robinsonsar"
"50","StandardTblazer","01 Aug 2016","","6","18000.00000","5400.00000","2700.00000","2700.00000","N","27 Jul 2016","robinsonsar","27 Jul 2016","robinsonsar"
"51","StandardTblazer","01 Aug 2015","","3","6000.00000","1800.00000","900.00000","900.00000","N","16 Sep 2015","fisherk","16 Sep 2015","fisherk"
"52","StandardTblazer","01 Aug 2015","31 Jul 2016","5","18000.00000","5400.00000","2700.00000","2700.00000","N","16 Sep 2015","fisherk","27 Jul 2016","robinsonsar"
"52","StandardTblazer","01 Aug 2016","","6","18000.00000","5400.00000","2700.00000","2700.00000","N","27 Jul 2016","robinsonsar","27 Jul 2016","robinsonsar"
"53","StandardTblazer","01 Aug 2015","31 Jul 2016","5","18000.00000","5400.00000","2700.00000","2700.00000","N","06 Oct 2015","fisherk","27 Jul 2016","robinsonsar"
"53","StandardTblazer","01 Aug 2016","","6","18000.00000","5400.00000","2700.00000","2700.00000","N","27 Jul 2016","robinsonsar","27 Jul 2016","robinsonsar"
"54","StandardTblazer","01 Aug 2015","","3","6000.00000","1800.00000","900.00000","900.00000","N","06 Oct 2015","fisherk","06 Oct 2015","fisherk"
"55","StandardTblazer","01 Aug 2015","31 Jul 2016","5","18000.00000","5400.00000","2700.00000","2700.00000","N","07 Oct 2015","fisherk","27 Jul 2016","robinsonsar"
"55","StandardTblazer","01 Aug 2016","","6","18000.00000","5400.00000","2700.00000","2700.00000","N","27 Jul 2016","robinsonsar","27 Jul 2016","robinsonsar"
"56","StandardTblazer","01 Aug 2015","31 Jul 2016","5","18000.00000","5400.00000","2700.00000","2700.00000","N","22 Oct 2015","fisherk","27 Jul 2016","robinsonsar"
"56","StandardTblazer","01 Aug 2016","31 Mar 2017","6","18000.00000","5400.00000","2700.00000","2700.00000","N","27 Jul 2016","robinsonsar","07 Apr 2017","robinsonsar"
"57","StandardTblazer","01 Aug 2015","31 Jul 2016","5","18000.00000","5400.00000","2700.00000","2700.00000","N","22 Oct 2015","fisherk","27 Jul 2016","robinsonsar"
"57","StandardTblazer","01 Aug 2016","","6","18000.00000","5400.00000","2700.00000","2700.00000","N","27 Jul 2016","robinsonsar","27 Jul 2016","robinsonsar"
"58","StandardTblazer","01 Aug 2015","","3","6000.00000","1800.00000","900.00000","900.00000","N","22 Oct 2015","fisherk","22 Oct 2015","fisherk"
"59","StandardTblazer","01 Aug 2015","31 Jul 2016","5","18000.00000","5400.00000","2700.00000","2700.00000","N","22 Oct 2015","fisherk","20 Sep 2016","fisherk"
"59","StandardTblazer","01 Aug 2016","","6","18000.00000","5400.00000","2700.00000","2700.00000","N","27 Jul 2016","robinsonsar","19 Sep 2016","fisherk"
"60","StandardTblazer","01 Aug 2015","","3","6000.00000","1800.00000","900.00000","900.00000","N","04 Nov 2015","fisherk","04 Nov 2015","fisherk"
"61","StandardTblazer","01 Aug 2015","","3","6000.00000","1800.00000","900.00000","900.00000","N","13 Nov 2015","fisherk","13 Nov 2015","fisherk"
"62","StandardTblazer","01 Aug 2015","","3","6000.00000","1800.00000","900.00000","900.00000","N","20 Nov 2015","fisherk","20 Nov 2015","fisherk"
"63","StandardTblazer","01 Aug 2015","","3","6000.00000","1800.00000","900.00000","900.00000","N","20 Nov 2015","fisherk","20 Nov 2015","fisherk"
"64","StandardTblazer","01 Aug 2015","","1","2000.00000","600.00000","500.00000","500.00000","N","04 Dec 2015","fisherk","04 Dec 2015","fisherk"
"65","StandardTblazer","01 Aug 2015","","3","6000.00000","1800.00000","900.00000","900.00000","N","04 Dec 2015","fisherk","04 Dec 2015","fisherk"
"66","StandardTblazer","01 Aug 2015","","3","6000.00000","1800.00000","900.00000","900.00000","N","04 Dec 2015","fisherk","04 Dec 2015","fisherk"
"67","StandardTblazer","01 Aug 2015","31 Jul 2016","5","18000.00000","5400.00000","2700.00000","2700.00000","N","04 Dec 2015","fisherk","27 Jul 2016","robinsonsar"
"67","StandardTblazer","01 Aug 2016","","6","18000.00000","5400.00000","2700.00000","2700.00000","N","27 Jul 2016","robinsonsar","27 Jul 2016","robinsonsar"
"68","StandardTblazer","01 Aug 2015","","3","6000.00000","1800.00000","900.00000","900.00000","N","04 Dec 2015","fisherk","04 Dec 2015","fisherk"
"69","StandardTblazer","01 Aug 2015","31 Jul 2016","5","18000.00000","5400.00000","2700.00000","2700.00000","N","24 Dec 2015","fisherk","27 Jul 2016","robinsonsar"
"69","StandardTblazer","01 Aug 2016","","6","18000.00000","5400.00000","2700.00000","2700.00000","N","27 Jul 2016","robinsonsar","27 Jul 2016","robinsonsar"
"70","StandardTblazer","01 Aug 2015","31 Jul 2016","5","18000.00000","5400.00000","2700.00000","2700.00000","N","24 Dec 2015","fisherk","27 Jul 2016","robinsonsar"
"70","StandardTblazer","01 Aug 2016","","6","18000.00000","5400.00000","2700.00000","2700.00000","N","27 Jul 2016","robinsonsar","27 Jul 2016","robinsonsar"
"71","StandardTblazer","01 Aug 2015","","3","6000.00000","1800.00000","900.00000","900.00000","N","24 Dec 2015","fisherk","24 Dec 2015","fisherk"
"72","StandardTblazer","01 Aug 2015","31 Jan 2017","2","3000.00000","900.00000","500.00000","500.00000","N","05 Feb 2016","fisherk","13 Feb 2017","robinsonsar"
"72","StandardTblazer","01 Feb 2017","","5","13000.00000","3900.00000","1950.00000","1950.00000","N","13 Feb 2017","robinsonsar","13 Feb 2017","robinsonsar"
"73","StandardTblazer","01 Aug 2015","","3","6000.00000","1800.00000","900.00000","900.00000","N","05 Feb 2016","fisherk","05 Feb 2016","fisherk"
"74","StandardTblazer","01 Aug 2015","31 Jul 2016","5","18000.00000","5400.00000","2700.00000","2700.00000","N","05 Feb 2016","fisherk","27 Jul 2016","robinsonsar"
"74","StandardTblazer","01 Aug 2016","","6","18000.00000","5400.00000","2700.00000","2700.00000","N","27 Jul 2016","robinsonsar","27 Jul 2016","robinsonsar"
"75","StandardTblazer","01 Aug 2015","","3","6000.00000","1800.00000","900.00000","900.00000","N","17 Feb 2016","fisherk","17 Feb 2016","fisherk"
"76","StandardTblazer","01 Aug 2015","31 Jul 2016","5","18000.00000","5400.00000","2700.00000","2700.00000","N","25 Feb 2016","fisherk","27 Jul 2016","robinsonsar"
"76","StandardTblazer","01 Aug 2016","","6","18000.00000","5400.00000","2700.00000","2700.00000","N","27 Jul 2016","robinsonsar","27 Jul 2016","robinsonsar"
"77","StandardTblazer","01 Aug 2015","","2","3000.00000","900.00000","500.00000","500.00000","N","11 Mar 2016","fisherk","11 Mar 2016","fisherk"
"78","StandardTblazer","01 Aug 2015","","3","6000.00000","1800.00000","900.00000","900.00000","N","01 Apr 2016","fisherk","01 Apr 2016","fisherk"
"79","StandardTblazer","01 Aug 2015","31 Jul 2016","5","18000.00000","5400.00000","2700.00000","2700.00000","N","01 Apr 2016","fisherk","27 Jul 2016","robinsonsar"
"79","StandardTblazer","01 Aug 2016","","6","18000.00000","5400.00000","2700.00000","2700.00000","N","27 Jul 2016","robinsonsar","27 Jul 2016","robinsonsar"
"80","StandardTblazer","01 Aug 2015","31 Jul 2016","5","18000.00000","5400.00000","2700.00000","2700.00000","N","01 Apr 2016","fisherk","27 Jul 2016","robinsonsar"
"80","StandardTblazer","01 Aug 2016","","6","18000.00000","5400.00000","2700.00000","2700.00000","N","27 Jul 2016","robinsonsar","27 Jul 2016","robinsonsar"
"81","StandardTblazer","01 Aug 2015","31 Jul 2016","5","18000.00000","5400.00000","2700.00000","2700.00000","N","01 Apr 2016","fisherk","27 Jul 2016","robinsonsar"
"81","StandardTblazer","01 Aug 2016","","6","18000.00000","5400.00000","2700.00000","2700.00000","N","27 Jul 2016","robinsonsar","27 Jul 2016","robinsonsar"
"82","StandardTblazer","01 Aug 2015","31 Jul 2016","5","18000.00000","5400.00000","2700.00000","2700.00000","N","01 Apr 2016","fisherk","27 Jul 2016","robinsonsar"
"82","StandardTblazer","01 Aug 2016","","6","18000.00000","5400.00000","2700.00000","2700.00000","N","27 Jul 2016","robinsonsar","27 Jul 2016","robinsonsar"
"83","StandardTblazer","01 Aug 2015","","3","6000.00000","1800.00000","900.00000","900.00000","N","07 Apr 2016","fisherk","07 Apr 2016","fisherk"
"84","StandardTblazer","01 Aug 2015","","3","6000.00000","1800.00000","900.00000","900.00000","N","07 Apr 2016","fisherk","07 Apr 2016","fisherk"
"85","StandardTblazer","01 Aug 2015","","3","6000.00000","1800.00000","900.00000","900.00000","N","07 Apr 2016","fisherk","07 Apr 2016","fisherk"
"86","StandardTblazer","01 Aug 2015","","1","2000.00000","600.00000","500.00000","500.00000","N","27 Apr 2016","fisherk","27 Apr 2016","fisherk"
"87","StandardTblazer","01 Aug 2015","","1","2000.00000","600.00000","500.00000","500.00000","N","27 Apr 2016","fisherk","27 Apr 2016","fisherk"
"88","StandardTblazer","01 Aug 2015","31 Jul 2016","5","18000.00000","5400.00000","2700.00000","2700.00000","N","27 Apr 2016","fisherk","27 Jul 2016","robinsonsar"
"88","StandardTblazer","01 Aug 2016","","6","18000.00000","5400.00000","2700.00000","2700.00000","N","27 Jul 2016","robinsonsar","27 Jul 2016","robinsonsar"
"89","StandardTblazer","01 Aug 2015","31 Jul 2016","5","18000.00000","5400.00000","2700.00000","2700.00000","N","27 Apr 2016","fisherk","27 Jul 2016","robinsonsar"
"89","StandardTblazer","01 Aug 2016","","6","18000.00000","5400.00000","2700.00000","2700.00000","N","27 Jul 2016","robinsonsar","27 Jul 2016","robinsonsar"
"90","StandardTblazer","01 Aug 2015","","4","8000.00000","2400.00000","1200.00000","1200.00000","N","27 Apr 2016","fisherk","27 Apr 2016","fisherk"
"91","StandardTblazer","01 Aug 2015","31 Jul 2016","5","18000.00000","5400.00000","2700.00000","2700.00000","N","27 Apr 2016","fisherk","27 Jul 2016","robinsonsar"
"91","StandardTblazer","01 Aug 2016","","6","18000.00000","5400.00000","2700.00000","2700.00000","N","27 Jul 2016","robinsonsar","27 Jul 2016","robinsonsar"
"92","StandardTblazer","01 Aug 2015","31 Jul 2016","5","18000.00000","5400.00000","2700.00000","2700.00000","N","04 May 2016","fisherk","27 Jul 2016","robinsonsar"
"92","StandardTblazer","01 Aug 2016","","6","18000.00000","5400.00000","2700.00000","2700.00000","N","27 Jul 2016","robinsonsar","27 Jul 2016","robinsonsar"
"93","StandardTblazer","01 Aug 2015","","3","6000.00000","1800.00000","900.00000","900.00000","N","04 May 2016","fisherk","04 May 2016","fisherk"
"94","StandardTblazer","01 Aug 2015","","3","6000.00000","1800.00000","900.00000","900.00000","N","04 May 2016","fisherk","04 May 2016","fisherk"
"95","StandardTblazer","01 Aug 2015","","4","8000.00000","2400.00000","1200.00000","1200.00000","N","04 May 2016","fisherk","04 May 2016","fisherk"
"96","StandardTblazer","01 Aug 2015","","2","3000.00000","900.00000","500.00000","500.00000","N","04 May 2016","fisherk","04 May 2016","fisherk"
"97","StandardTblazer","01 Aug 2015","31 Jul 2016","5","18000.00000","5400.00000","2700.00000","2700.00000","N","16 May 2016","fisherk","27 Jul 2016","robinsonsar"
"97","StandardTblazer","01 Aug 2016","31 Mar 2017","6","18000.00000","5400.00000","2700.00000","2700.00000","N","27 Jul 2016","robinsonsar","07 Apr 2017","robinsonsar"
"98","StandardTblazer","01 Aug 2015","31 Jul 2016","5","18000.00000","5400.00000","2700.00000","2700.00000","N","16 May 2016","fisherk","27 Jul 2016","robinsonsar"
"98","StandardTblazer","01 Aug 2016","","6","18000.00000","5400.00000","2700.00000","2700.00000","N","27 Jul 2016","robinsonsar","27 Jul 2016","robinsonsar"
"99","StandardTblazer","01 Aug 2015","","2","3000.00000","900.00000","500.00000","500.00000","N","16 May 2016","fisherk","16 May 2016","fisherk"
"100","StandardTblazer","01 Aug 2015","","4","8000.00000","2400.00000","1200.00000","1200.00000","N","16 May 2016","fisherk","16 May 2016","fisherk"
"101","StandardTblazer","01 Aug 2015","","2","3000.00000","900.00000","500.00000","500.00000","N","20 May 2016","robinsonsar","20 May 2016","robinsonsar"
"102","StandardTblazer","01 Aug 2015","","4","8000.00000","2400.00000","1200.00000","1200.00000","N","20 May 2016","robinsonsar","20 May 2016","robinsonsar"
"103","StandardTblazer","01 Aug 2015","","1","2000.00000","600.00000","500.00000","500.00000","N","20 May 2016","robinsonsar","20 May 2016","robinsonsar"
"104","StandardTblazer","01 Aug 2015","","3","6000.00000","1800.00000","900.00000","900.00000","N","02 Jun 2016","fisherk","02 Jun 2016","fisherk"
"105","StandardTblazer","01 Aug 2015","","2","3000.00000","900.00000","500.00000","500.00000","N","02 Jun 2016","fisherk","02 Jun 2016","fisherk"
"106","StandardTblazer","01 Aug 2015","","3","6000.00000","1800.00000","900.00000","900.00000","N","02 Jun 2016","fisherk","02 Jun 2016","fisherk"
"107","StandardTblazer","01 Aug 2015","31 Jul 2016","5","18000.00000","5400.00000","2700.00000","2700.00000","N","10 Jun 2016","robinsonsar","27 Jul 2016","robinsonsar"
"107","StandardTblazer","01 Aug 2016","","6","18000.00000","5400.00000","2700.00000","2700.00000","N","27 Jul 2016","robinsonsar","27 Jul 2016","robinsonsar"
"108","StandardTblazer","01 Aug 2015","","1","2000.00000","600.00000","500.00000","500.00000","N","10 Jun 2016","robinsonsar","10 Jun 2016","robinsonsar"
"109","StandardTblazer","01 Aug 2015","","1","2000.00000","600.00000","500.00000","500.00000","N","12 Jul 2016","fisherk","12 Jul 2016","fisherk"
"110","StandardTblazer","01 Aug 2015","","2","3000.00000","900.00000","500.00000","500.00000","N","12 Jul 2016","fisherk","12 Jul 2016","fisherk"
"111","StandardTblazer","01 Aug 2015","","1","2000.00000","600.00000","500.00000","500.00000","N","12 Jul 2016","fisherk","12 Jul 2016","fisherk"
"112","StandardTblazer","01 Aug 2015","","3","6000.00000","1800.00000","900.00000","900.00000","N","12 Jul 2016","fisherk","12 Jul 2016","fisherk"
"113","StandardTblazer","01 Aug 2015","31 Jul 2016","5","18000.00000","5400.00000","2700.00000","2700.00000","N","30 Jun 2016","robinsonsar","27 Jul 2016","robinsonsar"
"113","StandardTblazer","01 Aug 2016","31 Mar 2017","6","18000.00000","5400.00000","2700.00000","2700.00000","N","27 Jul 2016","robinsonsar","07 Apr 2017","robinsonsar"
"114","StandardTblazer","01 Aug 2015","31 Jul 2016","5","18000.00000","5400.00000","2700.00000","2700.00000","N","30 Jun 2016","robinsonsar","27 Jul 2016","robinsonsar"
"114","StandardTblazer","01 Aug 2016","","6","18000.00000","5400.00000","2700.00000","2700.00000","N","27 Jul 2016","robinsonsar","27 Jul 2016","robinsonsar"
"115","StandardTblazer","01 Aug 2015","31 Jul 2016","5","18000.00000","5400.00000","2700.00000","2700.00000","N","30 Jun 2016","robinsonsar","27 Jul 2016","robinsonsar"
"115","StandardTblazer","01 Aug 2016","31 Mar 2017","6","18000.00000","5400.00000","2700.00000","2700.00000","N","27 Jul 2016","robinsonsar","07 Apr 2017","robinsonsar"
"116","StandardTblazer","01 Aug 2015","31 Jul 2016","5","18000.00000","5400.00000","2700.00000","2700.00000","N","07 Jul 2016","guinivas","27 Jul 2016","robinsonsar"
"116","StandardTblazer","01 Aug 2016","","6","18000.00000","5400.00000","2700.00000","2700.00000","N","27 Jul 2016","robinsonsar","27 Jul 2016","robinsonsar"
"117","StandardTblazer","01 Aug 2015","","3","6000.00000","1800.00000","900.00000","900.00000","N","22 Jul 2016","robinsonsar","22 Jul 2016","robinsonsar"
"118","StandardTblazer","01 Aug 2015","","1","2000.00000","600.00000","500.00000","500.00000","N","22 Jul 2016","robinsonsar","22 Jul 2016","robinsonsar"
"119","StandardTblazer","01 Aug 2015","","1","2000.00000","600.00000","500.00000","500.00000","N","22 Jul 2016","robinsonsar","22 Jul 2016","robinsonsar"
"120","StandardTblazer","01 Aug 2015","","3","6000.00000","1800.00000","900.00000","900.00000","N","22 Jul 2016","robinsonsar","22 Jul 2016","robinsonsar"
"121","StandardTblazer","01 Aug 2015","","1","2000.00000","600.00000","500.00000","500.00000","N","01 Aug 2016","robinsonsar","01 Aug 2016","robinsonsar"
"122","StandardTblazer","01 Aug 2015","","2","3000.00000","900.00000","500.00000","500.00000","N","01 Aug 2016","robinsonsar","01 Aug 2016","robinsonsar"
"123","StandardTblazer","01 Aug 2016","","2","3000.00000","900.00000","500.00000","500.00000","N","15 Aug 2016","robinsonsar","15 Aug 2016","robinsonsar"
"124","StandardTblazer","01 Aug 2016","","3","6000.00000","1800.00000","900.00000","900.00000","N","15 Aug 2016","robinsonsar","15 Aug 2016","robinsonsar"
"125","StandardTblazer","01 Aug 2016","","3","6000.00000","1800.00000","900.00000","900.00000","N","15 Aug 2016","robinsonsar","15 Aug 2016","robinsonsar"
"126","StandardTblazer","01 Aug 2016","","5","13000.00000","3900.00000","1950.00000","1950.00000","N","15 Aug 2016","robinsonsar","15 Aug 2016","robinsonsar"
"127","StandardTblazer","01 Aug 2016","","6","18000.00000","5400.00000","2700.00000","2700.00000","N","19 Aug 2016","robinsonsar","19 Sep 2016","robinsonsar"
"128","StandardTblazer","01 Aug 2016","","3","6000.00000","1800.00000","900.00000","900.00000","N","19 Aug 2016","robinsonsar","19 Aug 2016","robinsonsar"
"129","StandardTblazer","01 Aug 2016","","3","6000.00000","1800.00000","900.00000","900.00000","N","26 Aug 2016","fisherk","26 Aug 2016","fisherk"
"130","StandardTblazer","01 Aug 2016","","2","3000.00000","900.00000","500.00000","500.00000","N","26 Aug 2016","fisherk","26 Aug 2016","fisherk"
"131","StandardTblazer","01 Aug 2016","","5","13000.00000","3900.00000","1950.00000","1950.00000","N","26 Aug 2016","fisherk","26 Aug 2016","fisherk"
"132","StandardTblazer","01 Aug 2016","","4","8000.00000","2400.00000","1200.00000","1200.00000","N","26 Aug 2016","fisherk","26 Aug 2016","fisherk"
"133","StandardTblazer","01 Aug 2016","","3","6000.00000","1800.00000","900.00000","900.00000","N","13 Sep 2016","robinsonsar","13 Sep 2016","robinsonsar"
"134","StandardTblazer","01 Aug 2016","","5","13000.00000","3900.00000","1950.00000","1950.00000","N","13 Sep 2016","robinsonsar","13 Sep 2016","robinsonsar"
"135","StandardTblazer","01 Aug 2016","","5","13000.00000","3900.00000","1950.00000","1950.00000","N","13 Sep 2016","robinsonsar","13 Sep 2016","robinsonsar"
"136","StandardTblazer","01 Aug 2016","","3","6000.00000","1800.00000","900.00000","900.00000","N","13 Sep 2016","robinsonsar","13 Sep 2016","robinsonsar"
"137","StandardTblazer","01 Aug 2016","","3","6000.00000","1800.00000","900.00000","900.00000","N","13 Sep 2016","robinsonsar","13 Sep 2016","robinsonsar"
"138","StandardTblazer","01 Aug 2016","","2","3000.00000","900.00000","500.00000","500.00000","N","13 Sep 2016","robinsonsar","13 Sep 2016","robinsonsar"
"139","StandardTblazer","01 Aug 2016","","2","3000.00000","900.00000","500.00000","500.00000","N","13 Sep 2016","robinsonsar","13 Sep 2016","robinsonsar"
"140","StandardTblazer","01 Aug 2016","","2","3000.00000","900.00000","500.00000","500.00000","N","13 Sep 2016","robinsonsar","13 Sep 2016","robinsonsar"
"141","StandardTblazer","01 Aug 2016","","4","8000.00000","2400.00000","1200.00000","1200.00000","N","19 Sep 2016","robinsonsar","19 Sep 2016","robinsonsar"
"142","StandardTblazer","01 Aug 2016","","4","8000.00000","2400.00000","1200.00000","1200.00000","N","19 Sep 2016","robinsonsar","19 Sep 2016","robinsonsar"
"143","StandardTblazer","01 Aug 2016","","3","6000.00000","1800.00000","900.00000","900.00000","N","19 Sep 2016","robinsonsar","19 Sep 2016","robinsonsar"
"144","StandardTblazer","01 Aug 2016","","6","18000.00000","5400.00000","2700.00000","2700.00000","N","19 Sep 2016","robinsonsar","19 Sep 2016","robinsonsar"
"145","StandardTblazer","01 Aug 2016","","2","3000.00000","900.00000","500.00000","500.00000","N","19 Sep 2016","robinsonsar","19 Sep 2016","robinsonsar"
"146","StandardTblazer","01 Aug 2016","","6","18000.00000","5400.00000","2700.00000","2700.00000","N","02 Nov 2016","robinsonsar","02 Nov 2016","robinsonsar"
"147","StandardTblazer","01 Aug 2016","","2","3000.00000","900.00000","500.00000","500.00000","N","24 Oct 2016","fisherk","24 Oct 2016","fisherk"
"148","StandardTblazer","01 Aug 2016","","3","6000.00000","1800.00000","900.00000","900.00000","N","02 Nov 2016","robinsonsar","02 Nov 2016","robinsonsar"
"149","StandardTblazer","01 Aug 2016","","6","18000.00000","5400.00000","2700.00000","2700.00000","N","02 Nov 2016","robinsonsar","02 Nov 2016","robinsonsar"
"150","StandardTblazer","01 Aug 2016","","2","3000.00000","900.00000","500.00000","500.00000","N","02 Nov 2016","robinsonsar","02 Nov 2016","robinsonsar"
"151","StandardTblazer","01 Aug 2016","","1","2000.00000","600.00000","500.00000","500.00000","N","02 Nov 2016","robinsonsar","02 Nov 2016","robinsonsar"
"152","StandardTblazer","01 Aug 2016","","4","8000.00000","2400.00000","1200.00000","1200.00000","N","05 Nov 2016","robinsonsar","05 Nov 2016","robinsonsar"
"153","StandardTblazer","01 Nov 2016","","3","6000.00000","1800.00000","900.00000","900.00000","N","06 Dec 2016","robinsonsar","06 Dec 2016","robinsonsar"
"154","StandardTblazer","01 Nov 2016","","6","18000.00000","5400.00000","2700.00000","2700.00000","N","14 Dec 2016","robinsonsar","14 Dec 2016","robinsonsar"
"155","StandardTblazer","01 Nov 2016","","6","18000.00000","5400.00000","2700.00000","2700.00000","N","14 Dec 2016","robinsonsar","14 Dec 2016","robinsonsar"
"156","StandardTblazer","01 Aug 2016","","5","13000.00000","3900.00000","1950.00000","1950.00000","N","21 Dec 2016","guinivas","21 Dec 2016","guinivas"
"157","StandardTblazer","01 Nov 2016","","3","6000.00000","1800.00000","900.00000","900.00000","N","21 Dec 2016","fisherk","21 Dec 2016","fisherk"
"158","StandardTblazer","01 Nov 2016","","2","3000.00000","900.00000","500.00000","500.00000","N","21 Dec 2016","fisherk","21 Dec 2016","fisherk"
"159","StandardTblazer","01 Jan 2017","","3","6000.00000","1800.00000","900.00000","900.00000","N","18 Jan 2017","robinsonsar","18 Jan 2017","robinsonsar"
"160","StandardTblazer","01 Feb 2017","","6","18000.00000","5400.00000","2700.00000","2700.00000","N","13 Feb 2017","robinsonsar","13 Feb 2017","robinsonsar"
"161","StandardTblazer","01 Feb 2017","","6","18000.00000","5400.00000","2700.00000","2700.00000","N","15 Feb 2017","robinsonsar","15 Feb 2017","robinsonsar"
"162","StandardTblazer","01 Feb 2017","","2","3000.00000","900.00000","500.00000","500.00000","N","24 Feb 2017","robinsonsar","24 Feb 2017","robinsonsar"
"163","StandardTblazer","01 Mar 2017","","5","13000.00000","3900.00000","1950.00000","1950.00000","N","07 Apr 2017","robinsonsar","07 Apr 2017","robinsonsar"
"164","StandardTblazer","01 Mar 2017","","4","8000.00000","2400.00000","1200.00000","1200.00000","N","07 Apr 2017","robinsonsar","07 Apr 2017","robinsonsar"
"165","StandardTblazer","01 Apr 2017","","5","13000.00000","3900.00000","1950.00000","1950.00000","N","07 Apr 2017","robinsonsar","07 Apr 2017","robinsonsar"
"166","StandardTblazer","01 Apr 2017","","6","18000.00000","5400.00000","2700.00000","2700.00000","N","07 Apr 2017","robinsonsar","07 Apr 2017","robinsonsar"
"167","StandardTblazer","01 Aug 2014","","6","18000.00000","5400.00000","2700.00000","2700.00000","N","07 Apr 2017","robinsonsar","14 Apr 2017","vijaydek"
"168","StandardTblazer","01 Apr 2017","","6","18000.00000","5400.00000","2700.00000","2700.00000","N","07 Apr 2017","robinsonsar","07 Apr 2017","robinsonsar"
"169","StandardTblazer","01 Apr 2017","","3","6000.00000","1800.00000","900.00000","900.00000","N","07 Apr 2017","robinsonsar","07 Apr 2017","robinsonsar"
